Section,Description,chunk
หมวดที่  2 ,วันทางานเวลาทางานและเวลาพัก," 
ข้อ  1 .   วันทางานสัปดาห์ละ  4   วันตั้งแต่วันจันทร์ถึงวันพฤหัสบดี  
 
ข้อ  2 .   เวลาทางานปกติวันละ  7   ชั่วโมงดังนี้  
2 .1   พนักงานทั่วไปเวลา  08.30 – 16.30 น. 
2.2   พนักงานที่มีลักษณะงานที่ต้องทางานเป็นกะ  
 2,2.1   กะที่  1 เวลา 08.30 – 16.30 น. 
 2.2.2   กะที่  2 เวลา 16.30 – 00.30 น. 
 2.2.3   กะที่  3 เวลา 00.30 – 08.30 น. 
    
   เวลาทางานปกติหมายถึงเวลาทางานตามปกติในวันทางานไม่รวมถึงเวลาทางานใน
วันหยุดและไม่หมายถึงการทางานล่วงเวลาอนึ่งการทางานนอกเหนือจากเวลาทางานปกติให้เป็นไป
ตา"
หมวดที่  2 ,วันทางานเวลาทางานและเวลาพัก,"ถึงเวลาทางานใน
วันหยุดและไม่หมายถึงการทางานล่วงเวลาอนึ่งการทางานนอกเหนือจากเวลาทางานปกติให้เป็นไป
ตามคาสั่งของบริษัทฯ   
พนักงานผู้ใดที่มีลักษณะงานโดยสภาพของงานไม่อาจกาหนดเวลาทางานอันแน่นอนได้บริษัทฯ   
            จะกาหนดเวลาทางานให้ล่วงหน้าเป็นคราวๆไปภายในระยะเวลาอันสมควร  
 
ข้อ  3 .  เวลาพักวันละ  1   ชั่วโมงดังนี้  
 3.1   พนักงานทั่วไปเวลา 12.00 – 13.00 น. 
 3.2   พนักงานที่มีลักษณะงานที่ต้องทางานเป็นกะ   
3.2.1  กะที่  1   เวลา 12.00 – 13.00 น. 
  3.2.2  กะที่  2   เวลา 20.00 – 21.00 น. 
"
หมวดที่  2 ,วันทางานเวลาทางานและเวลาพัก,"งทางานเป็นกะ   
3.2.1  กะที่  1   เวลา 12.00 – 13.00 น. 
  3.2.2  กะที่  2   เวลา 20.00 – 21.00 น. 
  3.2.3  กะที่  3   เวลา 04.00 – 05.00 น. 
 พนักงานผู้ใดที่มีลักษณะงานโดยสภาพของงานไม่อาจกาหนดเวลาทางานอันแน่นอนได้บริษัทฯ              
จะกาหนดเวลาพักให้ล่วงหน้าเป็นคราวๆไปภายในระยะเวลาอันสมควร   
 
  
ข้อ 4 .  ให้พนักงานทุกคนบันทึกเวลามาทางานและเวลากลับตามความเป็นจริงยกเว้นพนักงานระดับ    
          ผู้จัดการส่วนหรือตาแหน่งที่เทียบเท่าขึ้นไปไม่ต้องบันทึกเวลา  
 
 
 
"
หมวดที่  2 ,วันทางานเวลาทางานและเวลาพัก,"   ผู้จัดการส่วนหรือตาแหน่งที่เทียบเท่าขึ้นไปไม่ต้องบันทึกเวลา  
 
 
 
"
หมวดที่  3 ,วันหยุดและหลักเกณฑ์การหยุด," 
ข้อ  1 .  วันหยุดประจาสัปดาห์ได้แก่วันศุกร์วันเสาร์และวันอาทิตย์ส่วนพนักงานที่ทางานกะให้มีวันหยุด 
ประจาสัปดาห์สัปดาห์ละ  3 วันโดยให้ผลัดเปลี่ยนกันหยุดทั้งนี้บริษัทฯจะตกลงกับพนักงาน  
เป็นการล่วงหน้าว่าจะให้วันใดเป็นวันหยุดประจาสัปดาห์ก็ได้  
 
ข้อ  2 . วันหยุดตามประเพณีบริษัทฯกาหนดให้มีวันหยุดตามประเพณีปีละ  2 7   วันทางานโดยรวมวัน
แรงงานแห่งชาติด้วยทั้งนี้ให้เป็นไปตามประกาศมติของคณะรัฐมนตรีหรือหน่วยงานราชการหรือ
หน่วยงานกากับดูแลที่เกี่ยวข้องในกรณีที่วันหยุดตามประเพณีดังกล่าวตรงกับวันหยุดประ"
หมวดที่  3 ,วันหยุดและหลักเกณฑ์การหยุด,"อหน่วยงานราชการหรือ
หน่วยงานกากับดูแลที่เกี่ยวข้องในกรณีที่วันหยุดตามประเพณีดังกล่าวตรงกับวันหยุดประจาสัปดาห์  
บริษัทฯกาหนดให้วันทางานถัดไปเป็นวันหยุดตามประเพณีโดยบริษัทฯจะประกาศวันหยุดตาม
ประเพณีให้ทราบล่วงหน้าทุกๆปี  
 
ข้อ  3 . วันหยุดพักผ่อนประจาปี  
 3.1 พนักงานผู้มีอายุงานไม่ครบ  0 .5  ปีไม่มีสิทธิลาหยุดพักผ่อนประจาปี  
3.2 พนักงานผู้มีอายุงานตั้งแต่  1  ปีขึ้นไปแต่ไม่ถึง  5  ปีติดต่อกันลาหยุดพักผ่อนประจาปีได้                    
        ไม่เกินปีละ 2 0  วันทางาน  
 3.3 พนักงานผู้มีอายุงา"
หมวดที่  3 ,วันหยุดและหลักเกณฑ์การหยุด,"ยุดพักผ่อนประจาปีได้                    
        ไม่เกินปีละ 2 0  วันทางาน  
 3.3 พนักงานผู้มีอายุงานตั้งแต่  5 ปีขึ้นไปติดต่อกันลาหยุดพักผ่อนประจาปีได้ไม่เกินปีละ  24  วัน    
ทางาน  
 3.4 พนักงานมีสิทธิหยุดพักผ่อนประจาปีในปีหนึ่งได้   30  วันทางานถ้าในปีใดพนักงานผู้ใดมิได้หยุด 
  พักผ่อนประจาปีหรือหยุดพักผ่อนประจาปีแล้วแต่ไม่ครบ 30  วันทางานให้สะสมวันที่ยังมิได้หยุด  
   ในปีนั้นรวมเข้ากับปีต่อๆไปได้แต่วันหยุดพักผ่อนประจาปีสะสมรวมกับวันหยุดพักผ่อน  
  ประจาปีในปีปัจจุบันจะต้องไม่เกิน  60  วันท"
หมวดที่  3 ,วันหยุดและหลักเกณฑ์การหยุด,"ไปได้แต่วันหยุดพักผ่อนประจาปีสะสมรวมกับวันหยุดพักผ่อน  
  ประจาปีในปีปัจจุบันจะต้องไม่เกิน  60  วันทางาน    
   สาหรับพนักงานที่ปฏิบัติงานติดต่อกันตั้งแต่   15  ปีขึ้นไปให้มีสิทธินาวันหยุดพักผ่อน   
 
   ประจาปีสะสมรวมกับวันหยุดพักผ่อนประจาปีในปีปัจจุบันได้ไม่เกิน  70  วันทางาน  
  3.5 บริษัทฯจะเป็นผู้กาหนดวันหยุดพักผ่อนประจาปีให้กับพนักงานแต่ละคนตามที่เห็นสมควรหรือ    
  อาจจะกาหนดวันหยุดพักผ่อนประจาปีโดยพิจารณาจากคาขอหยุดพักผ่อนประจาปีของพนักงาน  
                      ประกอบกับความจาเป็นของงา"
หมวดที่  3 ,วันหยุดและหลักเกณฑ์การหยุด,"ระจาปีโดยพิจารณาจากคาขอหยุดพักผ่อนประจาปีของพนักงาน  
                      ประกอบกับความจาเป็นของงานตามตาแหน่งที่ปฏิบัติงานอยู่โดยการอนุมัติของผู้บังคับบัญชา  
ตั้งแต่ระดับผู้อานวยการฝ่ายขึ้นไป  
 
             3.6 พนักงานจะขอลาหยุดพักผ่อนประจาปีโดยแบ่งเป็นหลายครั้งก็ได้แต่จะต้องไม่น้อยกว่า 7  วัน   
                     ในการขอหยุดแต่ละครั้ง  
  3.7 การขอลาหยุดพักผ่อนประจาปีจะต้องขออนุญาตล่วงหน้าอย่างน้อย  2  วันทางาน    
  ตามรูปแบบที่บริษัทฯกาหนดไว้   
 3.8 หากพนักงานหยุดงานไปก่อนได้รับการอน"
หมวดที่  3 ,วันหยุดและหลักเกณฑ์การหยุด,"าอย่างน้อย  2  วันทางาน    
  ตามรูปแบบที่บริษัทฯกาหนดไว้   
 3.8 หากพนักงานหยุดงานไปก่อนได้รับการอนุมัติจากผู้บังคับบัญชาให้ถือว่าเป็นการขาดงานในวันที่  
  หยุดงานไปซึ่งการขาดงานไปบริษัทฯจะไม่จ่ายค่าจ้าง  
 
ข้อ  4 .  วันหยุดประจาสัปดาห์วันหยุดตามประเพณีและวันหยุดพักผ่อนประจาปี       
  บริษัทฯจะจ่ายค่าจ้างให้ตามปกติ  
 
 
"
หมวดที่  4 ,หลักเกณฑ์การทางานล่วงเวลาและการทางานในวันหยุด," 
 
ข้อ  1 . ในกรณีที่บริษัทฯมีเหตุฉุกเฉินหรือความจาเป็นเร่งด่วนที่จะต้องทางานติดต่อกันไปถ้าหยุดแล้วจะเกิด     
       ความเสียหายบริษัทฯจะให้พนักงานทางานล่วงเวลาหรือทางานในวันหยุดตามความจาเป็นโดย  
        ผู้บังคับบัญชาจะแจ้งให้ทราบล่วงหน้าและพนักงานจะต้องให้ความร่วมมืออย่างไรก็ดีสาหรับผู้ที่  
 ทางานกะห้ามมิให้พนักงานละทิ้งงานในหน้าที่จนกว่าจะมีผู้มารับงานต่อจากตนหรือได้รับอนุญาตจาก  
 ผู้บังคับบัญชา  
 
ข้อ  2 . ในกรณีที่พนักงานมีความจาเป็นต้องทางานเพื่อประโยชน์แก่บริษัทฯบริษัทฯจะให้พนักงานท"
หมวดที่  4 ,หลักเกณฑ์การทางานล่วงเวลาและการทางานในวันหยุด,"บบัญชา  
 
ข้อ  2 . ในกรณีที่พนักงานมีความจาเป็นต้องทางานเพื่อประโยชน์แก่บริษัทฯบริษัทฯจะให้พนักงานที่สมัครใจ 
ทางานล่วงเวลาหรือทางานในวันหยุดเป็นครั้งคราวโดยการทางานล่วงเวลาและการทางานในวันหยุด
ดังกล่าวจะไม่เกิน 72  ชั่วโมงต่อสัปดาห์  
 
ข้อ  3 . ในกรณีที่พนักงานได้มาทางานล่วงเวลาหรือทางานในวันหยุดโดยมิได้รับคาสั่งหรือมิได้รับการอนุมัติ  
            จากบริษัทฯให้ถูกต้องก่อนบริษัทฯจะไม่จ่ายค่าล่วงเวลาหรือค่าทางานในวันหยุดให้   
 
  
ข้อ  4 . บริษัทฯจะจ่ายค่าล่วงเวลาสาหรับการทางานล่วงเวลาในวันทา"
หมวดที่  4 ,หลักเกณฑ์การทางานล่วงเวลาและการทางานในวันหยุด,"งเวลาหรือค่าทางานในวันหยุดให้   
 
  
ข้อ  4 . บริษัทฯจะจ่ายค่าล่วงเวลาสาหรับการทางานล่วงเวลาในวันทางานปกติในอัตรา 4   เท่าของอัตรา  
           ค่าจ้างต่อชั่วโมงในการทางานปกติสาหรับเวลาที่ทาเกิน  
 
ข้อ  5 . บริษัทฯจะจ่ายค่าล่วงเวลาสาหรับการทางานล่วงเวลาในวันหยุดในอัตรา   8   เท่าของอัตราค่าจ้าง  
         ต่อชั่วโมงในการทางานปกติสาหรับเวลาที่ทาเกิน  
 
 
ข้อ  6 . บริษัทฯจะจ่ายค่าทางานในวันหยุด  (เช่นวันหยุดประจาสัปดาห์วันหยุดตามประเพณีและวันหยุด  
          พักผ่อนประจาปี )  ในอัตราเพิ่มขึ้นอี"
หมวดที่  4 ,หลักเกณฑ์การทางานล่วงเวลาและการทางานในวันหยุด,"(เช่นวันหยุดประจาสัปดาห์วันหยุดตามประเพณีและวันหยุด  
          พักผ่อนประจาปี )  ในอัตราเพิ่มขึ้นอีก 3  เท่าของอัตราค่าจ้างในการทางานปกติตามจานวนชั่วโมงที่  
          ทางานในวันหยุดสาหรับพนักงานที่ไม่มีสิทธิได้รับค่าจ้างในวันหยุดบริษัทฯจะจ่ายค่าทางานใน  
         วันหยุด  6   เท่าของอัตราค่าจ้างในการทางานปกติตามจานวนชั่วโมงที่ทางานในวันหยุด  
 
ข้อ  7 . พนักงานที่ไม่มีสิทธิได้รับค่าล่วงเวลาได้แก่พนักงานดังต่อไปนี้  
 7 .1 พนักงานตั้งแต่ระดับผู้จัดการส่วนขึ้นไปซึ่งมีอานาจอย่างใดอย่างหนึ่งได้แก่"
หมวดที่  4 ,หลักเกณฑ์การทางานล่วงเวลาและการทางานในวันหยุด,"่พนักงานดังต่อไปนี้  
 7 .1 พนักงานตั้งแต่ระดับผู้จัดการส่วนขึ้นไปซึ่งมีอานาจอย่างใดอย่างหนึ่งได้แก่การจ้างการให้  
  บาเหน็จการลดค่าจ้างหรือการเลิกจ้าง  
 7 .2 พนักงานที่ต้องออกไปทางานนอกสถานที่โดยไม่อาจกาหนดเวลาทางานที่แน่นอนได้  
 7 .3 พนักงานที่ได้รับมอบหมายให้อยู่เวรเฝ้าดูแลสถานที่หรือทรัพย์สินเป็นครั้งคราวอันมิใช่หน้าที่  
         การทางานตามปกติของพนักงาน  
 7.4 พนักงานที่บริษัทฯมอบหมายให้ปฏิบัติงานเป็นกะในเวลาใดก็ตามและทางานอยู่ในกะปกติที่  
  ได้รับมอบหมายให้มาปฏิบัติงาน  
 7.5 พนักงาน"
หมวดที่  4 ,หลักเกณฑ์การทางานล่วงเวลาและการทางานในวันหยุด,"ปฏิบัติงานเป็นกะในเวลาใดก็ตามและทางานอยู่ในกะปกติที่  
  ได้รับมอบหมายให้มาปฏิบัติงาน  
 7.5 พนักงานที่เดินทางไปทางานในท้องที่อื่นนอกจากท้องที่สาหรับการทางานปกติพนักงานไม่มี  
  สิทธิได้รับค่าล่วงเวลาในระหว่างการเดินทาง  
 
 
"
หมวดที่  5 ,วันและสถานที่จ่ายค่าจ้างค่าล่วงเวลาและค่าทางานในวันหยุด," 
ข้อ  1 .  บริษัทฯจะจ่ายค่าจ้างค่าล่วงเวลาค่าทางานในวันหยุดและเงินพึงได้อื่นๆที่พนักงานมีสิทธิได้รับ   
          ณสถานที่ที่พนักงานทางานหรือโดยโอนเงินเข้าบัญชีธนาคารของพนักงานดังนี้  
 1 .1 กาหนดจ่ายค่าจ้างทุกวันที่   2 8   ของเดือน   
 
  1 .2 กาหนดจ่ายค่าล่วงเวลาและค่าทางานในวันหยุดกาหนดจ่ายเดือนละไม่น้อยกว่า 2  ครั้ง 
 
ข้อ  2 . ในกรณีวันกาหนดจ่ายค่าจ้างค่าล่วงเวลาและค่าทางานในวันหยุดตรงกับวันหยุดตามประเพณี    
           หรือวันหยุดประจาสัปดาห์บริษัทฯจะจ่ายเงินต่างๆดังกล่าวในวันทางานก่อนวั"
หมวดที่  5 ,วันและสถานที่จ่ายค่าจ้างค่าล่วงเวลาและค่าทางานในวันหยุด,"นหยุดตามประเพณี    
           หรือวันหยุดประจาสัปดาห์บริษัทฯจะจ่ายเงินต่างๆดังกล่าวในวันทางานก่อนวันหยุด  3  วัน  
 
 
 
 
 
 
 
 
 
"
หมวดที่  6 ,วันลาและหลักเกณฑ์การลา," 
 การลาหยุดไม่ว่ากรณีใดๆพนักงานจะต้องยื่นใบลาตามรูปแบบที่บริษัทฯกาหนดโดยมีหลักเกณฑ์  
การขออนุมัติการลาดังนี้  
 
1. ต้องยื่นขออนุมัติการลาล่วงหน้าตามข้อบังคับและระเบียบที่กาหนดเมื่อได้รับการอนุมัติแล้ว   
จึงจะหยุดงานได้  
 
2. ผู้ได้รับมอบหมายจะเป็นผู้มีอานาจในการอนุมัติการลาจึงจะถือว่าเป็นการลาที่ถูกต้องสมบูรณ์    
       ยกเว้นกรณีเจ็บป่วยกะทันหันให้ยื่นใบลาตามรูปแบบที่บริษัทฯกาหนดในวันแรกที่กลับมาทางาน    
      การลาที่ไม่ถูกต้องตามหลักเกณฑ์ดังกล่าวหากมีการหยุดงานถือว่าพนักงานผู้นั้นขาดงา"
หมวดที่  6 ,วันลาและหลักเกณฑ์การลา,"กลับมาทางาน    
      การลาที่ไม่ถูกต้องตามหลักเกณฑ์ดังกล่าวหากมีการหยุดงานถือว่าพนักงานผู้นั้นขาดงาน    
      ละทิ้งหน้าที่จะไม่ได้รับค่าจ้างในวันดังกล่าวและมีโทษทางวินัยด้วย  
 
การลาแบ่งออกเป็น  7   ประเภทดังนี้ 
 1 . การลาป่วย  
 2 . การลาเพื่อคลอดบุตร  
 3 . การลากิจ  
 4 . การลาเพื่อรับราชการทหาร  
 5 . การลาจากความทุพพลภาพโดยกาเนิด 
 6 . การลาเพื่อฝึกอบรม  
 7 . การลาเพื่ออุปสมบท  
 
  
 
 ข้อ  1 .  การลาป่วยให้พนักงานที่เจ็บป่วยจริงจนเดินทางมาทางานไม่ได้หรือมาทางานแล้วแต่ไม่สามารถ  
   "
หมวดที่  6 ,วันลาและหลักเกณฑ์การลา," ข้อ  1 .  การลาป่วยให้พนักงานที่เจ็บป่วยจริงจนเดินทางมาทางานไม่ได้หรือมาทางานแล้วแต่ไม่สามารถ  
          ทนทางานต่อไปได้เพราะมีอาการเจ็บป่วยให้มีสิทธิขอลาป่วยตามความเป็นจริงโดยได้รับค่าจ้างปีละ  
          ไม่เกิน 6 0  วันทางานโดยมีหลักเกณฑ์การลาดังนี้   
 
 1 .1 พนักงานที่เจ็บป่วยจนไม่สามารถทางานได้จะต้องแจ้งให้ผู้บังคับบัญชาได้ทราบโดยเร็วที่สุด  
เท่าที่จะทาได้เพื่อมิให้เกิดปัญหาในการมอบหมายงานให้ผู้อื่นปฏิบัติหน้าที่แทนและต้อง  
                   แจ้งการลาป่วยตามรูปแบบที่บริษัทฯกาหนดภายในว"
หมวดที่  6 ,วันลาและหลักเกณฑ์การลา,"นให้ผู้อื่นปฏิบัติหน้าที่แทนและต้อง  
                   แจ้งการลาป่วยตามรูปแบบที่บริษัทฯกาหนดภายในวันแรกที่กลับเข้าทางานหากฝ่าฝืนถือว่า  
พนักงานทาผิดข้อบังคับเกี่ยวกับการทางาน  
 
 
 1 .2 พนักงานที่ลาป่วยติดต่อกัน 5  วันขึ้นไปต้องมีใบรับรองแพทย์แผนปัจจุบันชั้นหนึ่งหรือใบรับรอง  
ของสถานพยาบาลของทางราชการแนบมาพร้อมใบลาป่วยด้วยทุกครั้งและให้เป็นอานาจของ  
บริษัทฯจะเป็นผู้พิจารณาการขอลาป่วยตั้งแต่   5   วันทางานขึ้นไปถ้าพนักงานไม่มีใบรับรอง  
แพทย์แผนปัจจุบันชั้นหนึ่งหรือใบรับรองของสถานพยาบาลของท"
หมวดที่  6 ,วันลาและหลักเกณฑ์การลา,"  5   วันทางานขึ้นไปถ้าพนักงานไม่มีใบรับรอง  
แพทย์แผนปัจจุบันชั้นหนึ่งหรือใบรับรองของสถานพยาบาลของทางราชการให้พนักงานชี้แจง  
แถลงเหตุผลความเป็นจริงให้บริษัทฯได้ทราบและพิจารณา  
 1 .3 พนักงานที่ลาป่วยเกินปีละ 6 0  วันทางานบริษัทฯจะไม่จ่ายค่าจ้างในวันที่ลาเกิน 6 0  วันสาหรับ  
         พนักงานที่เจ็บป่วยอันเนื่องจากการทางานหรืออันเนื่องจากอุบัติเหตุที่เกิดจากการทางานให้แก่  
  บริษัทฯหรือเป็นการปกป้องผลประโยชน์ให้แก่บริษัทฯจะได้รับการพิจารณาให้หยุดงาน  
  เนื่องจากสาเหตุดังกล่าวเป็นกรณีพิเศษตามท"
หมวดที่  6 ,วันลาและหลักเกณฑ์การลา,"ป้องผลประโยชน์ให้แก่บริษัทฯจะได้รับการพิจารณาให้หยุดงาน  
  เนื่องจากสาเหตุดังกล่าวเป็นกรณีพิเศษตามที่บริษัทฯจะพิจารณาเป็นรายๆไปโดยได้รับ  
  ค่าจ้างหรือไม่ได้รับค่าจ้างก็ได้ผู้ที่ลาป่วยเกินกว่า 6 0  วันทางานอาจถือว่าเป็นผู้ที่หย่อน  
  สมรรถภาพในการทางานซึ่งบริษัทฯอาจเปลี่ยนตาแหน่งหน้าที่การงานหรือเลิกจ้างโดยจ่าย  
  ค่าชดเชยให้ตามกฎหมายก็ได้   
 1 .4 พนักงานที่ลาป่วยโดยมิได้ป่วยจริงหรือใช้สิทธิการลาป่วยแทนการลาที่มีวัตถุประสงค์อื่น      
        ถือเป็นการลาโดยมิชอบบริษัทฯไม่อนุญาตให้ลาป่วยโดย"
หมวดที่  6 ,วันลาและหลักเกณฑ์การลา,"ารลาป่วยแทนการลาที่มีวัตถุประสงค์อื่น      
        ถือเป็นการลาโดยมิชอบบริษัทฯไม่อนุญาตให้ลาป่วยโดยถือเป็นการขาดงานและจะงดจ่าย  
  ค่าจ้างให้ในวันที่ขอลาหยุดดังกล่าวอีกทั้งถือเป็นความผิดทางวินัยด้วยและบริษัทฯสงวนสิทธิ  
         ที่จะโยกย้ายตาแหน่งหน้าที่การงานงดหรือระงับผลประโยชน์ใดๆที่พนักงานพึงมีสิทธิได้รับ  
         จากบริษัทฯตามระเบียบหรืออาจพิจารณาให้เลิกจ้างได้   
 
ข้อ  2 .  การลาเพื่อคลอดบุตร  
2.1 พนักงานหญิงที่มีครรภ์มีหน้าที่ต้องรายงานเป็นหนังสือให้ผู้บังคับบัญชาหรือฝ่ายทรัพยากร   "
หมวดที่  6 ,วันลาและหลักเกณฑ์การลา,"อดบุตร  
2.1 พนักงานหญิงที่มีครรภ์มีหน้าที่ต้องรายงานเป็นหนังสือให้ผู้บังคับบัญชาหรือฝ่ายทรัพยากร   
 
 บุคคลได้ทราบโดยทันทีที่ตนเองทราบว่าตั้งครรภ์  
2.2 พนักงานหญิงที่มีครรภ์มีสิทธิลาเพื่อคลอดบุตรครรภ์หนึ่งเป็นเวลาไม่เกิน 1 0 0  วันหรือตามที่  
กฎหมายแรงงานกาหนดรวมถึงวันลาเพื่อตรวจครรภ์ก่อนคลอดบุตรการนับวันลาคลอดให้นับ
โดยไม่นับรวมวันหยุดที่มีในระหว่างวันลาคลอดดังกล่าวด้วย  
2.3 บริษัทฯจะจ่ายค่าจ้างในระหว่างวันลาคลอดตามอัตราค่าจ้างที่ได้รับอยู่ตลอดระยะเวลาที่ลา  
  แต่ไม่เกิน 90   วัน    
 2 ."
หมวดที่  6 ,วันลาและหลักเกณฑ์การลา,"จ้างในระหว่างวันลาคลอดตามอัตราค่าจ้างที่ได้รับอยู่ตลอดระยะเวลาที่ลา  
  แต่ไม่เกิน 90   วัน    
 2 .4 พนักงานผู้ใดได้ยื่นใบลาคลอดคร่อมวันลาหยุดประเภทอื่นซึ่งได้ยื่นใบลาและได้รับการอนุมัติไว้  
         ก่อนล่วงหน้าแล้วให้ถือว่าวันลาประเภทนั้นๆได้ยกเลิกลงและให้คงไว้เฉพาะวันลาคลอด  
 2 .5 พนักงานผู้ใดประสงค์จะลาคลอดให้ยื่นใบลาคลอดตามรูปแบบการลาของบริษัทฯเพื่อขอ  
อนุมัติต่อกรรมการผู้จัดการใหญ่หรือผู้ซึ่งได้รับมอบหมายล่วงหน้า  
 
 2 .6 พนักงานหญิงผู้ใดไม่สามารถทางานในหน้าที่เดิมได้อันเนื่องจากมีครร"
หมวดที่  6 ,วันลาและหลักเกณฑ์การลา,"้ซึ่งได้รับมอบหมายล่วงหน้า  
 
 2 .6 พนักงานหญิงผู้ใดไม่สามารถทางานในหน้าที่เดิมได้อันเนื่องจากมีครรภ์หรืออันเนื่องจากการ  
  คลอดบุตรแล้วให้นาใบรับรองแพทย์แผนปัจจุบันชั้นหนึ่งมาแสดงเหตุดังกล่าวต่อกรรมการ  
  ผู้จัดการใหญ่หรือผู้ซึ่งได้รับมอบหมายเพื่อขอเปลี่ยนแปลงหน้าที่ชั่วคราวหรือถาวรได้ซึ่งบริษัทฯ   
จะพิจารณาตามที่เห็นสมควร  
 2 .7 การแท้งบุตรก่อนตั้งครรภ์ครบ  36  สัปดาห์ไม่ถือเป็นการลาคลอดให้ถือเป็นการลาป่วยแต่ถ้า  
  เป็นการแท้งบุตรหลังตั้งครรภ์เกิน   36  สัปดาห์ให้ถือเป็นการลาคลอด   
 
ข้"
หมวดที่  6 ,วันลาและหลักเกณฑ์การลา,"ถือเป็นการลาป่วยแต่ถ้า  
  เป็นการแท้งบุตรหลังตั้งครรภ์เกิน   36  สัปดาห์ให้ถือเป็นการลาคลอด   
 
ข้อ  3 .   การลากิจ  
 3 .1 พนักงานที่มีกิจธุระจาเป็นสามารถลากิจโดยได้รับค่าจ้างไม่เกินปีละ  23  วันทางาน  
 3 .2 ผู้บังคับบัญชาโดยตรงของพนักงานที่ขอลากิจจะต้องพิจารณาและเสนอความคิดเห็นในการขอ  
         ลากิจของผู้ใต้บังคับบัญชาของตนโดยพิจารณาเหตุผลที่ขอลาและผลกระทบต่อการดาเนินงาน  
        ของบริษัทฯและนาเสนอต่อผู้บังคับบัญชาตามสายงานเพื่อเสนอขออนุมัติจากผู้ได้รับ  
  มอบหมาย  
 3 .3 ผู้ขอลากิจจะต"
หมวดที่  6 ,วันลาและหลักเกณฑ์การลา,"ฯและนาเสนอต่อผู้บังคับบัญชาตามสายงานเพื่อเสนอขออนุมัติจากผู้ได้รับ  
  มอบหมาย  
 3 .3 ผู้ขอลากิจจะต้องยื่นใบลาตามรูปแบบของบริษัทฯล่วงหน้าไม่น้อยกว่า 2  วันจึงจะเริ่ม  
หยุดงานได้และต้องได้รับอนุญาตก่อน  
 3 .4 ถ้ามีเหตุจาเป็นเร่งด่วนจนไม่สามารถยื่นใบลาขออนุญาตก่อนได้ให้รีบแจ้งเหตุผลให้  
  ผู้บังคับบัญชาทราบและพิจารณาโดยเร็วและเมื่อกลับมาทางานแล้วจะต้องยื่นใบลาตาม  
  รูปแบบที่บริษัทฯกาหนดภายในสามวันแรกที่มาทางาน  
  
 
 ข้อ  4 . การลาเพื่อรับราชการทหารในการเรียกพลเพื่อตรวจสอบเพื่อฝึกวิชาทหารหร"
หมวดที่  6 ,วันลาและหลักเกณฑ์การลา,"มวันแรกที่มาทางาน  
  
 
 ข้อ  4 . การลาเพื่อรับราชการทหารในการเรียกพลเพื่อตรวจสอบเพื่อฝึกวิชาทหารหรือเพื่อทดลอง  
         ความพรั่งพร้อมตามกฎหมายว่าด้วยการรับราชการทหาร  
  พนักงานชายมีสิทธิลาได้ตามที่ทางราชการกาหนดทั้งนี้ต้องยื่นหลักฐานทางราชการทหาร   
          แนบไปกับใบลาด้วยโดยได้รับค่าจ้างเท่ากับค่าจ้างในวันทางานตลอดระยะเวลาที่ลาแต่ไม่เกิน  
          ปีละ 90  วัน 
        พนักงานที่จะขอลาเพื่อรับราชการทหารจะต้องยื่นใบลาตามรูปแบบการลาของบริษัทฯล่วงหน้า  
          ต่อกรรมการผู้จัดการใหญ่"
หมวดที่  6 ,วันลาและหลักเกณฑ์การลา,"เพื่อรับราชการทหารจะต้องยื่นใบลาตามรูปแบบการลาของบริษัทฯล่วงหน้า  
          ต่อกรรมการผู้จัดการใหญ่หรือผู้ซึ่งได้รับมอบหมายล่วงหน้าอย่างน้อย 2  วันเพื่อขออนุมัติพร้อม  
          หลักฐานของทางราชการทหารเมื่อได้รับการอนุมัติแล้วจึงจะหยุดงานไปได้  
 
ข้อ  5 . การลาจากความทุพพลภาพโดยกาเนิด 
  พนักงานมีสิทธิลาจากความทุพพลภาพโดยกาเนิดตามระยะเวลาที่แพทย์แผนปัจจุบัน  
          ชั้นหนึ่งกาหนดและออกใบรับรองให้โดยได้รับค่าจ้าง  
 
ข้อ  6 . การลาเพื่อฝึกอบรม  
       บริษัทฯจะอนุญาตให้พนักงานลาเพื่อฝึกอบ"
หมวดที่  6 ,วันลาและหลักเกณฑ์การลา,"รองให้โดยได้รับค่าจ้าง  
 
ข้อ  6 . การลาเพื่อฝึกอบรม  
       บริษัทฯจะอนุญาตให้พนักงานลาเพื่อฝึกอบรมหรือพัฒนาความรู้ความสามารถตามหลักเกณฑ์ดังนี้  
6 .1 พนักงานมีสิทธิลาเพื่อการฝึกอบรมหรือพัฒนาความรู้ความสามารถในกรณีดังต่อไปนี้   
  6 .1.1  เพื่อประโยชน์ต่อการแรงงานและสวัสดิการสังคมหรือการเพิ่มทักษะความชานาญ  
   เพื่อเพิ่มประสิทธิภาพในการทางานของพนักงาน   
  6 .1.2   การสอบวัดผลทางการศึกษาที่ทางราชการจัดหรืออนุญาตให้จัดขึ้นการฝึกอบรมหรือ
   พัฒนาความรู้ความสามารถตาม  6 . 1 . 1  จะต้องมีโครงการ"
หมวดที่  6 ,วันลาและหลักเกณฑ์การลา,"ราชการจัดหรืออนุญาตให้จัดขึ้นการฝึกอบรมหรือ
   พัฒนาความรู้ความสามารถตาม  6 . 1 . 1  จะต้องมีโครงการหรือหลักสูตรและกาหนด  
   ช่วงเวลาของโครงการหรือหลักสูตรที่แน่นอนและชัดเจน  
 6 .2 ในการลาเพื่อการฝึกอบรมหรือพัฒนาความรู้ความสามารถของพนักงานให้พนักงานแจ้งถึงเหตุ  
ที่ลาโดยชัดแจ้งพร้อมทั้งแสดงหลักฐานที่เกี่ยวข้อง (ถ้ามี ) ให้บริษัทฯทราบล่วงหน้าไม่น้อยกว่า  
10 วันก่อนวันลาเพื่อเข้ารับการฝึกอบรมหรือพัฒนาความรู้ความสามารถ  
 6 .3 บริษัทฯอาจไม่อนุญาตให้พนักงานลาเพื่อการฝึกอบรมหรือพัฒนาความรู้ความสาม"
หมวดที่  6 ,วันลาและหลักเกณฑ์การลา,"พัฒนาความรู้ความสามารถ  
 6 .3 บริษัทฯอาจไม่อนุญาตให้พนักงานลาเพื่อการฝึกอบรมหรือพัฒนาความรู้ความสามารถใน  
  กรณีดังต่อไปนี้  
  6 .3.1  ในปีที่ลานั้นพนักงานเคยได้รับอนุญาตให้ลาเพื่อการฝึกอบรมหรือพัฒนาความรู้   
   ความสามารถแล้วมาไม่น้อยกว่า  45 วันหรือ  5 ครั้งหรือ  
  6 .3.2    บริษัทฯได้แสดงให้เห็นว่าการลาของพนักงานอาจก่อให้เกิดความเสียหายหรือ  
   กระทบต่อการประกอบธุรกิจของบริษัทฯ  
  
 
 ข้อ  7 .  การลาเพื่ออุปสมบท  
 7 .1 พนักงานชายที่ทางานมาแล้วไม่น้อยกว่า 1   ปีนับแต่วันแรกที่เข้าทางาน"
หมวดที่  6 ,วันลาและหลักเกณฑ์การลา,"อ  7 .  การลาเพื่ออุปสมบท  
 7 .1 พนักงานชายที่ทางานมาแล้วไม่น้อยกว่า 1   ปีนับแต่วันแรกที่เข้าทางานและยังไม่เคยอุปสมบท  
         มาก่อนมีสิทธิลาอุปสมบทได้เท่าระยะเวลาอุปสมบทจริงแต่ไม่เกิน  90   วันโดยได้รับค่าจ้าง  
         เท่ากับค่าจ้างในวันทางานตลอดเวลาที่อุปสมบท  
 7 .2 การลาเพื่ออุปสมบทตามที่กาหนดไว้ในข้อ  7 . 1  เมื่อได้ลาเพื่ออุปสมบทแล้วไม่ว่าจะครบ 9 0  วัน 
         หรือไม่ก็ตามพนักงานจะไม่มีสิทธิลาเพื่ออุปสมบทได้อีก  
7 .3  พนักงานที่จะลาอุปสมบทจะต้องยื่นใบลาตามรูปแบบการลาของบริษัทฯล"
หมวดที่  6 ,วันลาและหลักเกณฑ์การลา,"ะไม่มีสิทธิลาเพื่ออุปสมบทได้อีก  
7 .3  พนักงานที่จะลาอุปสมบทจะต้องยื่นใบลาตามรูปแบบการลาของบริษัทฯล่วงหน้าไม่น้อยกว่า 3 
วันทางานต่อกรรมการผู้จัดการใหญ่เมื่อได้รับอนุมัติแล้วจึงจะหยุดงานไปได้  
 7 .4 การนับวันลาเพื่ออุปสมบทให้นับรวมวันหยุดต่างๆที่มีในระหว่างวันลาอุปสมบทด้วย  
7 .5  เมื่อพนักงานที่ลาอุปสมบทกลับเข้ามาทางานแล้วจะต้องยื่นหลักฐานการอุปสมบทต่อกรรมการ  
  ผู้จัดการใหญ่หรือผู้ซึ่งได้รับมอบหมายเช่นใบสุทธิหรือหนังสือรับรองการอุปสมบทจาก  
เจ้าอาวาสในวันแรกที่กลับเข้าทางาน  
 
"
หมวดที่  6 ,วันลาและหลักเกณฑ์การลา,"อบหมายเช่นใบสุทธิหรือหนังสือรับรองการอุปสมบทจาก  
เจ้าอาวาสในวันแรกที่กลับเข้าทางาน  
 
"
หมวดที่  8  ,การร้องทุกข์," 
 เพื่อเป็นการเสริมสร้างความสัมพันธ์และความเข้าใจอันดีระหว่างพนักงานกับบริษัทฯและเพื่อลดหรือ
ขจัดปัญหาข้อข้องใจอันจะส่งผลกระทบต่อขวัญและกาลังใจของพนักงานในการทางานตลอดจนเพื่อให้มีการ
วินิจฉัยการลงโทษทางวินัยเป็นไปโดยเที่ยงธรรมและถูกต้องบริษัทฯยินดีรับฟังข้อคิดเห็นและความเห็นต่างๆ   
ของพนักงาน  
 
1. ขอบเขตและความหมายของข้อร้องทุกข์   
 
        พนักงานผู้ที่ได้รับความทุกข์จากการทางานหรือจากการปฏิบัติที่ไม่เป็นธรรมหรือได้รับความ       
เดือดร้อนในเรื่องใดก็ตามที่เกี่ยวข้องกับการทางานให้มีสิทธิร"
หมวดที่  8  ,การร้องทุกข์,"ิบัติที่ไม่เป็นธรรมหรือได้รับความ       
เดือดร้อนในเรื่องใดก็ตามที่เกี่ยวข้องกับการทางานให้มีสิทธิร้องทุกข์เป็นหนังสือได้  
 
2 .   วิธีการและขั้นตอนการร้องทุกข์  
    2 . 1 ให้ผู้มีทุกข์ร้องทุกข์ผ่านผู้บังคับบัญชาตามลาดับชั้นภายใน 7  วันทางานนับแต่วันที่ได้รับความ     
             ทุกข์หรือได้รับความไม่เป็นธรรมหรือได้รับความเดือดร้อนในเรื่องใดก็ตามที่เกี่ยวข้องกับการ  
              ทางานแต่จะให้ผู้อื่นร้องทุกข์แทนตนมิได้ถ้ามีปัญหาที่ทาให้ยื่นคาร้องทุกข์ตามสายการบังคับ  
              บัญชามิ"
หมวดที่  8  ,การร้องทุกข์,"ห้ผู้อื่นร้องทุกข์แทนตนมิได้ถ้ามีปัญหาที่ทาให้ยื่นคาร้องทุกข์ตามสายการบังคับ  
              บัญชามิได้ให้มีสิทธิยื่นคาร้องทุกข์ต่อผู้บังคับบัญชาระดับเหนือขึ้นไปหรือร้องทุกข์ผ่านฝ่าย  
ทรัพยากรบุคคลภายใน 7  วันทางาน   
     2 . 2 ผู้ร้องทุกข์จะต้องระบุเวลาวันเดือนปีที่ยื่นคาร้องทุกข์  
     2 . 3 ให้ระบุชื่อ  -  นามสกุลสังกัดของผู้ร้องทุกข์หากมีหลายคนที่มีทุกข์เหมือนกัน   
ให้ระบุชื่อ  -   นามสกุลของทุกคน   
     2 . 4 ต้องการร้องทุกข์ถึงผู้ใด  
     2 . 5 มีปัญหาที่เป็นทุกข์ที่เป็นประเด็นอย่างไ"
หมวดที่  8  ,การร้องทุกข์,"ของทุกคน   
     2 . 4 ต้องการร้องทุกข์ถึงผู้ใด  
     2 . 5 มีปัญหาที่เป็นทุกข์ที่เป็นประเด็นอย่างไร  
     2 . 6    ให้ระบุรายละเอียดของเรื่องราวที่เกิดขึ้นโดยให้ระบุว่าเกี่ยวข้องกับใครทาอะไรที่ไหนอย่างไร 
          เมื่อไรความเป็นมาสภาพแวดล้อมและพฤติกรรมอย่างไร  
     2 . 7 ให้ระบุจุดประสงค์ของการร้องทุกข์ว่าแท้จริงต้องการอะไรเพียงไร  
     2 . 8 ให้ลงนามผู้ร้องทุกข์หากมีผู้ร้องทุกข์หลายคนในเรื่องเดียวกันให้ลงนามร่วมกันในฉบับเดียวกัน
             ก็ได้ 
 
 
3.     การสอบสวนและพิจารณาข้อร้องทุ"
หมวดที่  8  ,การร้องทุกข์,"่องเดียวกันให้ลงนามร่วมกันในฉบับเดียวกัน
             ก็ได้ 
 
 
3.     การสอบสวนและพิจารณาข้อร้องทุกข์  
      3 . 1 ให้ผู้รับเรื่องราวการร้องทุกข์ทาการสอบสวนเรื่องราวให้แล้วเสร็จภายใน 7  วัน 
      3 . 2 ให้ดาเนินการพิจารณาแก้ไขปัญหาที่เกิดขึ้นตามขั้นตอนในความรับผิดชอบของผู้รับเรื่องร้อง          
              ทุกข์โดยเร็วและทาการชี้แจงให้ผู้ร้องทุกข์เป็นที่เข้าใจภายใน  14  วันนับแต่วันสอบสวน  
 และพิจารณาแล้วเสร็จหากเป็นเรื่องที่ไม่สามารถแก้ไขปัญหาได้ลุล่วงไปได้ให้รายงานต่อ      
           "
หมวดที่  8  ,การร้องทุกข์,"
 และพิจารณาแล้วเสร็จหากเป็นเรื่องที่ไม่สามารถแก้ไขปัญหาได้ลุล่วงไปได้ให้รายงานต่อ      
              ผู้บังคับบัญชาระดับสูงขึ้นไปได้ทราบ  
 
4 .  กระบวนการยุติข้อร้องทุกข์   
 
        4 .1  ในกรณีพนักงานที่ร้องทุกข์ได้รับคาตอบไม่เป็นที่พอใจให้ผู้อานวยการฝ่ายทรัพยากรบุคคล    
                          ทาบันทึกครามเห็นเสนอต่อผู้บังคับบัญชาตามลาดับชั้นเพื่อประมวลผลสรุปพร้อมเสนอ  
   ความเห็นประกอบ  
       4 .2  ให้ผู้มีอานาจในการวินิจฉัยข้อร้องทุกข์พิจารณาผลสรุปและความเห็นโดยอาจเรียกบุคคลที่   "
หมวดที่  8  ,การร้องทุกข์,"  
       4 .2  ให้ผู้มีอานาจในการวินิจฉัยข้อร้องทุกข์พิจารณาผลสรุปและความเห็นโดยอาจเรียกบุคคลที่           
               เกี่ยวข้องมาสอบถามเพิ่มเติมได้เพื่อหาทางแก้ไขปัญหาด้วยความยุติธรรมเพื่อให้ได้ข้อยุติที่  
               ก่อให้เกิดประโยชน์ร่วมกันระหว่างพนักงานกับบริษัทฯโดยพนักงานจะทราบผลการพิจารณา  
               อุทธรณ์เรื่องราวร้องทุกข์ภายใน 45  วันนับแต่มีการพิจารณาวินิจฉัยตามข้อ  3 .2 
     4 . 3     ให้ถือว่าการวินิจฉัยข้อร้องทุกข์ของกรรมการผู้จัดการใหญ่หรือผู้ได้รับมอบหมายจากกรรมก"
หมวดที่  8  ,การร้องทุกข์," 
     4 . 3     ให้ถือว่าการวินิจฉัยข้อร้องทุกข์ของกรรมการผู้จัดการใหญ่หรือผู้ได้รับมอบหมายจากกรรมการ  
   ผู้จัดการใหญ่เป็นที่สุดผู้เกี่ยวข้องทุกคนต้องปฏิบัติตาม  
 
5 .  การคุ้มครองผู้ร้องทุกข์และผู้เกี่ยวข้อง 
      5 . 1 ผู้ที่มีทุกข์จากการทางานหรือได้รับการปฏิบัติที่ไม่เป็นธรรมหรือได้รับความเดือดร้อนจริง  
จะได้รับความคุ้มครองจะไม่ถูกลงโทษจากเหตุที่มีการร้องทุกข์ดังกล่าว  
      5 . 2 ผู้ที่ร้องทุกข์กล่าวโทษผู้อื่นที่ไม่มีมูลความจริงหรือเพื่อการกลั่นแกล้งหรือใส่ความผู้อื่นจะต้อง  
        "
หมวดที่  8  ,การร้องทุกข์,"ร้องทุกข์กล่าวโทษผู้อื่นที่ไม่มีมูลความจริงหรือเพื่อการกลั่นแกล้งหรือใส่ความผู้อื่นจะต้อง  
              ถูกลงโทษทางวินัยสถานหนักอาจถึงขึ้นถูกเลิกจ้างและบันทึกชื่อในบัญชีดา  
 
 
 
 
 
 
 
"
หมวดที่  9 ,การพ้นสภาพการเป็นพนักงานและการเลิกจ้าง," 
ข้อ  1 . การเป็นพนักงานจะสิ้นสุดลงเมื่อ  
 1 .1 ตาย 
 1 .2 ลาออก  
 1 .3 เลิกจ้าง   
 
  1 .4 เกษียณอายุ    
ข้อ 2 . พนักงานที่ประสงค์จะลาออกจากการเป็นพนักงานจะต้องยื่นหนังสือลาออกตามแบบฟอร์มของ
 บริษัทฯต่อกรรมการผู้จัดการใหญ่หรือผู้ที่ได้รับมอบหมายล่วงหน้าไม่น้อยกว่า  20  วันและเมื่อมี
 คาสั่งอนุมัติแล้วจึงจะลาออกได้  
 
ข้อ  3 . การเลิกจ้าง  
3 .1   การเลิกจ้างโดยไม่จ่ายค่าชดเชย  
  3 .1.1  การเลิกจ้างในระยะทดลองงาน  
   บริษัทฯสงวนสิทธิที่จะเลิกจ้างพนักงานทดลองงานที่ยังอยู่ในระหว่างระยะเวลา"
หมวดที่  9 ,การพ้นสภาพการเป็นพนักงานและการเลิกจ้าง,"รเลิกจ้างในระยะทดลองงาน  
   บริษัทฯสงวนสิทธิที่จะเลิกจ้างพนักงานทดลองงานที่ยังอยู่ในระหว่างระยะเวลา  
ทดลองงานในกรณีที่พิจารณาเห็นว่าไม่เหมาะสมที่จะปฏิบิตงานในตาแหน่งนั้นๆได้  
ทันทีโดยจะจ่ายเงินเดือนให้จนถึงวันสุดท้ายที่ปฏิบัติงานทั้งนี้โดยไม่ได้รับค่าชดเชย  
หากอายุงานไม่ครบ 1 0 0   วัน  
  3 .1.2  การเลิกจ้างเนื่องจากพนักงานกระทาความผิดดังต่อไปนี้บริษัทฯจะไม่จ่ายค่าชดเชย  
ตามกฎหมายและผลประโยชน์ใดๆทั้งสิ้น  
ก .  ทุจริตต่อหน้าที่  
ข . กระทาผิดอาญาโดยเจตนาต่อบริษัทฯ  
ค . จงใจทาให้บริษัทฯได้"
หมวดที่  9 ,การพ้นสภาพการเป็นพนักงานและการเลิกจ้าง,"น์ใดๆทั้งสิ้น  
ก .  ทุจริตต่อหน้าที่  
ข . กระทาผิดอาญาโดยเจตนาต่อบริษัทฯ  
ค . จงใจทาให้บริษัทฯได้รับความเสียหาย 
ง . ฝ่าฝืนข้อบังคับเกี่ยวกับการทางานหรือระเบียบหรือคาสั่งของบริษัทฯอันชอบด้วย
กฎหมายและเป็นธรรมและบริษัทฯได้ตักเตือนเป็นหนังสือแล้วซึ่งหนังสือเตือน
ต้องมีผลใช้บังคับไม่เกินหนึ่งปีนับแต่วันที่พนักงานได้กระทาผิดเว้นแต่เป็นกรณี
ร้ายแรงบริษัทฯไม่จาเป็นต้องตักเตือน  
จ . ละทิ้งหน้าที่เป็นเวลา 7 วันทางานติดต่อกันไม่ว่าจะมีวันหยุดคั่นหรือไม่ก็ตามโดย  
ไม่มีเหตุอันสมควร  
 
ฉ .  ประมาทเลิน"
หมวดที่  9 ,การพ้นสภาพการเป็นพนักงานและการเลิกจ้าง,"เวลา 7 วันทางานติดต่อกันไม่ว่าจะมีวันหยุดคั่นหรือไม่ก็ตามโดย  
ไม่มีเหตุอันสมควร  
 
ฉ .  ประมาทเลินเล่อเป็นเหตุให้บริษัทฯได้รับความเสียหายอย่างร้ายแรง  
ช . ได้รับโทษจาคุกตามคาพิพากษาถึงที่สุดให้จาคุกเว้นแต่เป็นโทษสาหรับความผิดที่
ได้กระทาโดยประมาทหรือความผิดลหุโทษ  
 
 
3 .2   การเลิกจ้างโดยจ่ายค่าชดเชย  
                   พนักงานที่ได้รับการเลิกจ้างโดยไม่มีความผิดปรากฏหรือเนื่องจากสาเหตุใดที่มิใช่เป็น   
 
  การกระทาผิดตามข้อ  3 .1.2   และไม่ใช่สาเหตุการเลิกจ้างตามข้อ   3 .1.1  จะมีสิทธิได้ร"
หมวดที่  9 ,การพ้นสภาพการเป็นพนักงานและการเลิกจ้าง,"ิใช่เป็น   
 
  การกระทาผิดตามข้อ  3 .1.2   และไม่ใช่สาเหตุการเลิกจ้างตามข้อ   3 .1.1  จะมีสิทธิได้รับผลประโยชน์และ  
 สวัสดิการอื่นๆตามที่บริษัทฯกาหนดไว้พร้อมทั้งค่าชดเชยตามกฎหมายในอัตราดังต่อไปนี้   
   3 .2.1  พนักงานซึ่งทางานติดต่อกันครบ  90  วันแต่ไม่ครบ   1  ปีจะได้รับค่าชดเชย   
เท่ากับค่าจ้างอัตราสุดท้าย  60  วัน 
   3 .2.2  พนักงานซึ่งทางานติดต่อกันครบ  1  ปีแต่ไม่ครบ  6  ปีจะได้รับค่าชดเชย  
    เท่ากับค่าจ้างอัตราสุดท้าย 90  วัน 
   3 .2.3    พนักงานซึ่งทางานติดต่อกันครบ  6  ปีแต่ไม่ค"
หมวดที่  9 ,การพ้นสภาพการเป็นพนักงานและการเลิกจ้าง,"ชย  
    เท่ากับค่าจ้างอัตราสุดท้าย 90  วัน 
   3 .2.3    พนักงานซึ่งทางานติดต่อกันครบ  6  ปีแต่ไม่ครบ  9  ปีจะได้รับค่าชดเชย  
    เท่ากับค่าจ้างอัตราสุดท้าย 1 8 0  วัน 
   3 .2.4  พนักงานซึ่งทางานติดต่อกันครบ  9  ปีแต่ไม่ครบ 1 2  ปีจะได้รับค่าชดเชย  
    เท่ากับค่าจ้างอัตราสุดท้าย 2 4 0  วัน  
   3 .2.5  พนักงานซึ่งทางานติดต่อกันครบ  1 2  ปีแต่ไม่ครบ  2 5  ปีจะได้รับค่าชดเชย   
    เท่ากับค่าจ้างอัตราสุดท้าย  3 0 0  วัน 
   3 .2.6  พนักงานซึ่งทางานติดต่อกันครบ  2 5  ปีขึ้นไปจะได้รับค่าชดเชย  
"
หมวดที่  9 ,การพ้นสภาพการเป็นพนักงานและการเลิกจ้าง,"งอัตราสุดท้าย  3 0 0  วัน 
   3 .2.6  พนักงานซึ่งทางานติดต่อกันครบ  2 5  ปีขึ้นไปจะได้รับค่าชดเชย  
    เท่ากับค่าจ้างอัตราสุดท้าย  6 0 0  วัน  
 
 
 3 .3  ค่าชดเชยพิเศษ  
   ในกรณีที่บริษัทฯจะเลิกจ้างพนักงานเพราะเหตุปรับปรุงหน่วยงานกระบวนการผลิต   
 การจาหน่ายหรือการบริการอันเนื่องมาจากการนาเครื่องจักรมาใช้งานหรือเปลี่ยนแปลงเครื่องจักรหรือ  
 เทคโนโลยีซึ่งเป็นเหตุให้ต้องลดจานวนพนักงานลงบริษัทฯต้องปฏิบัติดังนี้   
 
3 .3.1  จะแจ้งวันที่จะเลิกจ้างเหตุผลของการเลิกจ้างและรายชื่อพนักงานที่จะถูกเลิก "
หมวดที่  9 ,การพ้นสภาพการเป็นพนักงานและการเลิกจ้าง,"งปฏิบัติดังนี้   
 
3 .3.1  จะแจ้งวันที่จะเลิกจ้างเหตุผลของการเลิกจ้างและรายชื่อพนักงานที่จะถูกเลิก      
            จ้างให้พนักงานและพนักงานตรวจแรงงานทราบล่วงหน้าไม่น้อยกว่า 90 วัน 
 ก่อนวันเลิกจ้าง 
 
 
 
3 .3. 2 ถ้าไม่แจ้งแก่พนักงานที่จะเลิกจ้างทราบล่วงหน้าหรือแจ้งล่วงหน้าน้อยกว่า  
 ระยะเวลา  90 วันบริษัทฯต้องจ่ายค่าชดเชยแทนการบอกกล่าวล่วงหน้าแก่ 
 พนักงานเท่ากับค่าจ้างอัตราสุดท้าย  70 วันหรือเท่ากับค่าจ้างของการทางาน   
             70 วันสุดท้ายสาหรับพนักงานซึ่งได้รับค่าจ้างตามผลงานโดยคาน"
หมวดที่  9 ,การพ้นสภาพการเป็นพนักงานและการเลิกจ้าง,"อเท่ากับค่าจ้างของการทางาน   
             70 วันสุดท้ายสาหรับพนักงานซึ่งได้รับค่าจ้างตามผลงานโดยคานวณเป็น   
 
              หน่วย  
 
 
ค่าชดเชยแทนการบอกกล่าวล่วงหน้านี้ให้ถือว่าบริษัทฯได้จ่ายสินจ้าง
แทนการบอกกล่าวล่วงหน้าตามกฎหมายด้วย  
 
 
  บริษัทฯจะจ่ายค่าชดเชยพิเศษเพิ่มขึ้นจากค่าชดเชยปกติดังต่อไปนี้  
1. พนักงานทางานติดต่อกันครบ  9 ปีขึ้นไปโดยรวมวันหยุดวันลาและวันที่บริษัทฯสั่งให้หยุด
เพื่อประโยชน์ของบริษัทฯบริษัทฯจะจ่ายค่าชดเชยพิเศษเพิ่มขึ้นจากค่าชดเชยปกติซึ่ง  
พนักงานนั้นมีสิทธิได้รับอ"
หมวดที่  9 ,การพ้นสภาพการเป็นพนักงานและการเลิกจ้าง,"ประโยชน์ของบริษัทฯบริษัทฯจะจ่ายค่าชดเชยพิเศษเพิ่มขึ้นจากค่าชดเชยปกติซึ่ง  
พนักงานนั้นมีสิทธิได้รับอยู่แล้วสาหรับการทางานที่เกิน  9 ปีไม่น้อยกว่าค่าจ้างอัตราสุดท้าย  
30 วันต่อการทางานครบ  1 ปีหรือไม่น้อยกว่าค่าจ้างของการทางาน  30 วันสุดท้ายต่อ
การทางานครบ  1 ปีสาหรับพนักงานซึ่งได้รับค่าจ้างตามผลงานโดยคานวณเป็นหน่วย  
 
2. ค่าชดเชยพิเศษนี้รวมแล้วต้องไม่เกินค่าจ้างอัตราสุดท้าย  36 5 วันหรือไม่เกินค่าจ้างของ
การทางาน  365 วันสุดท้ายสาหรับพนักงานซึ่งได้รับค่าจ้างตามผลงานโดยคานวณเป็น
หน่วย  
 
3. เพ"
หมวดที่  9 ,การพ้นสภาพการเป็นพนักงานและการเลิกจ้าง,"่าจ้างของ
การทางาน  365 วันสุดท้ายสาหรับพนักงานซึ่งได้รับค่าจ้างตามผลงานโดยคานวณเป็น
หน่วย  
 
3. เพื่อประโยชน์ในการคานวณค่าชดเชยพิเศษเศษของระยะเวลาทางานที่มากกว่า  210 วัน 
ให้นับเป็นการทางานครบ  1 ปี   
 
 
 
 3.4    ค่าชดเชยพิเศษกรณีพนักงานถึงแก่กรรม    
บริษัทฯจะจ่ายค่าชดเชยพิเศษเท่ากับอัตราค่าชดเชยกรณีเลิกจ้างตามที่กฎหมาย  
         กาหนดแต่ต้องไม่ต่ากว่า  6 เท่าของเงินเดือนเดือนสุดท้ายให้แก่ผู้มีสิทธิ  
 
 
 
 
 
 
 
 
 
 
 
 
 
 
 
 
 
 
 
 
 
 
ข้อ  4 . เกษียณอายุงาน  
             เมื่อ"
หมวดที่  9 ,การพ้นสภาพการเป็นพนักงานและการเลิกจ้าง,"ผู้มีสิทธิ  
 
 
 
 
 
 
 
 
 
 
 
 
 
 
 
 
 
 
 
 
 
 
ข้อ  4 . เกษียณอายุงาน  
             เมื่อพนักงานมีอายุครบ 65   ปีบริบูรณ์ให้เป็นอันออกจากงานเมื่อสิ้นปีบัญชีพนักงานที่ต้องออก   
 
              จากงานเนื่องจากกรณีดังกล่าวนี้จะได้รับผลประโยชน์ดังต่อไปนี้  
  ก.   เงินเดือน  2 เดือนสุดท้ายจนถึงวันสุดท้ายที่ทางาน  
  ข.  เงินกองทุนสารองเลี้ยงชีพซึ่งบริษัทฯสะสมไว้ให้จนถึงเดือนสุดท้ายที่ทางานพร้อมทั้ง  
            ผลประโยชน์จากเงินกองทุนสารองเลี้ยงชีพ  
  ค .  เงินรางวัลประจาปี  
  ง.  เงิ"
หมวดที่  9 ,การพ้นสภาพการเป็นพนักงานและการเลิกจ้าง,"พร้อมทั้ง  
            ผลประโยชน์จากเงินกองทุนสารองเลี้ยงชีพ  
  ค .  เงินรางวัลประจาปี  
  ง.  เงินชดเชยตามอัตราการจ่ายค่าชดเชยตามกฎหมาย  
 
ข้อ  5 . กรณีพนักงานเกษียณอายุงานและได้รับประโยชน์ทางการเงินตามข้อ  4  หากบริษัทฯมีความประสงค์
จะจ้างพนักงานผู้นั้นปฏิบัติงานต่อบริษัทฯอาจพิจารณาจ้างพนักงานนั้นต่อไปโดยความเห็นชอบจาก
คณะกรรมการบริษัท  
 
 
"
หมวดที่  10 ,การสวัสดิการ," 
สวัสดิการหมวดที่  1 0  แบ่งออกเป็น 2  ส่วนคือส่วนที่  1 ใช้สาหรับพนักงานที่จ้างทดลองงานก่อนวันที่   1   มิถุนายน  2 5 4 8  และส่วนที่  2 ใช้สาหรับพนักงานที่จ้างทดลองงานตั้งแต่วันที่  1 มิถุนายน 2 5 4 8 
  ส่วนที่  1  
ใช้สาหรับพนักงานที่จ้างทดลองงานก่อนวันที่  1  มิถุนายน  2 5 4 8  
 
ข้อ  1 . บริษัทฯมีสวัสดิการให้กับพนักงานที่บรรจุเป็นพนักงานประจาแล้วดังต่อไปนี้  
 1 .1 เงินช่วยเหลือในการรักษาพยาบาล  
 1.2 การศึกษาบุตร  
 1 .3 เงินกองทุนสารองเลี้ยงชีพ  
 1 .4 การประกันภัยอุบัติเหตุส่วนบุคคล  "
หมวดที่  10 ,การสวัสดิการ,"ยาบาล  
 1.2 การศึกษาบุตร  
 1 .3 เงินกองทุนสารองเลี้ยงชีพ  
 1 .4 การประกันภัยอุบัติเหตุส่วนบุคคล  
 1 .5 เครื่องแบบพนักงาน  
 1 .6 ค่าทาศพ  
 1 .7 เงินกู้เคหะสงเคราะห์  
 1.8 การนันทนาการ  
 1.9 สิ่งจูงใจในการทางาน  
  
 
  ข้อ  2 . เงินช่วยเหลือในการรักษาพยาบาล  
 2.1   บริษัทฯมีสวัสดิการช่วยเหลือในการรักษาพยาบาลให้กับพนักงานและบุคคลในครอบครัวดังนี้  
                  - พนักงานบริษัทฯจัดทาประกันภัยสุขภาพหมู่กับบริษัทประกันภัยที่มีชื่อเสียงโดยเข้ารับการ  
  รักษาพยาบาลประเภทคนไข้ในและคนไข้นอก"
หมวดที่  10 ,การสวัสดิการ,"ันภัยสุขภาพหมู่กับบริษัทประกันภัยที่มีชื่อเสียงโดยเข้ารับการ  
  รักษาพยาบาลประเภทคนไข้ในและคนไข้นอกกับสถานพยาบาลของทางราชการสถานพยาบาล  
  ของเอกชนและสถานพยาบาลที่มีข้อตกลงตามกรมธรรม์ประกันภัยสุขภาพ  
   กรณีพนักงานผู้ใดเกิดการเจ็บป่วยโดยกะทันหันและจะเป็นอันตรายร้ายแรงถึงชีวิต    
  หรือทุพพลภาพถ้าไม่เข้ารับการรักษาพยาบาลโดยทันทีบริษัทฯอนุญาตให้พนักงานผู้นั้นไป  
  เข้ารับการรักษาพยาบาลณสถานพยาบาลใดๆก็ได้สาหรับค่าใช้จ่ายที่เกิดขึ้นในสถาน  
พยาบาลดังกล่าวให้ขออนุมัติต่อคณะกรรมการบริหารพิจารณาตาม"
หมวดที่  10 ,การสวัสดิการ,"ลใดๆก็ได้สาหรับค่าใช้จ่ายที่เกิดขึ้นในสถาน  
พยาบาลดังกล่าวให้ขออนุมัติต่อคณะกรรมการบริหารพิจารณาตามที่เห็นสมควรเป็นกรณี  
เฉพาะราย  
   กรณีพนักงานที่ประสบอันตรายหรือเจ็บป่วยอันเกิดขึ้นเนื่องจากการทางานให้กับ  
  บริษัทฯให้รายงานต่อผู้บังคับบัญชาหรือฝ่ายทรัพยากรบุคคลทันทีตามระเบียบของสานักงาน  
  กองทุนเงินทดแทนให้บริษัทฯแจ้งสานักงานกองทุนเงินทดแทนกรมสวัสดิการและคุ้มครอง  
  แรงงานเพื่อขอรับค่าทดแทนและค่ารักษาพยาบาลสาหรับพนักงานและหากค่ารักษาพยาบาล  
  นั้นเกินกว่าที่ได้รับจากกองทุนเงินทดแทนให้"
หมวดที่  10 ,การสวัสดิการ,"แทนและค่ารักษาพยาบาลสาหรับพนักงานและหากค่ารักษาพยาบาล  
  นั้นเกินกว่าที่ได้รับจากกองทุนเงินทดแทนให้พนักงานผู้นั้นขออนุมัติเบิกจ่ายเฉพาะส่วนที่เกินต่อ  
  คณะกรรมการบริหารพิจารณาตามที่เห็นสมควรเป็นกรณีเฉพาะราย  
 
- บุคคลในครอบครัว   (คู่สมรสบุตรคนที่หนึ่งถึงคนที่สามซึ่งอายุไม่เกิน 2 0  ปีและยังไม่มีรายได้  
และบิดามารดาของพนักงาน )   บริษัทฯจัดทาประกันภัยสุขภาพหมู่ให้กับบุคคลในครอบครัว 
ได้แก่คู่สมรสบุตรคนที่หนึ่งถึงคนที่สามซึ่งอายุไม่เกิน  25  ปีและยังไม่มีรายได้และบิดามารดา
ของพนักงานกับบริษั"
หมวดที่  10 ,การสวัสดิการ,"สมรสบุตรคนที่หนึ่งถึงคนที่สามซึ่งอายุไม่เกิน  25  ปีและยังไม่มีรายได้และบิดามารดา
ของพนักงานกับบริษัทประกันภัยที่มีชื่อเสียงโดยเข้ารับการรักษาพยาบาลประเภทคนไข้ในและ
คนไข้นอกกับสถานพยาบาลของทางราชการสถานพยาบาลของเอกชนและสถานพยาบาลที่มี
ข้อตกลงตามกรมธรรม์ประกันภัยสุขภาพเบิกได้เต็มจานวนที่จ่ายจริงภายในวงเงินไม่เกิน  
8 0 , 0 0 0- บาทต่อปีต่อครอบครัว  
2.2 ในกรณีที่พนักงานมีบิดาและมารดาคนเดียวกันให้พนักงานคนใดคนหนึ่งเป็นผู้ใช้สิทธิ  
   2.3 บริษัทฯจะจัดให้มีอุปกรณ์ในการปฐมพยาบาลเบื้องต้นสาหรับพนักงา"
หมวดที่  10 ,การสวัสดิการ,"ักงานคนใดคนหนึ่งเป็นผู้ใช้สิทธิ  
   2.3 บริษัทฯจะจัดให้มีอุปกรณ์ในการปฐมพยาบาลเบื้องต้นสาหรับพนักงานไว้ในสานักงาน  
  2.4 บริษัทฯจะจัดให้มีการตรวจสุขภาพอนามัยของพนักงานอย่างน้อยปีละสองครั้งโดยบริษัทฯ   
  จะแจ้งให้พนักงานทราบล่วงหน้าในแต่ละปี  
  
 
  
 
ข้อ  3.   การศึกษาของบุตรบริษัทฯจะจ่ายเงินค่าการศึกษาของบุตรให้แก่พนักงานสาหรับบุตรชอบด้วย  
 กฏหมายของพนักงานคนที่  1 ถึงคนที่  5   ซึ่งมีอายุไม่เกิน  25 ปีในวันที่   1  เมษายนของทุกปี   
ตามหลักเกณฑ์และอัตราที่กระทรวงการคลังกาหนด  
 
ข้อ  4 ."
หมวดที่  10 ,การสวัสดิการ,"ม่เกิน  25 ปีในวันที่   1  เมษายนของทุกปี   
ตามหลักเกณฑ์และอัตราที่กระทรวงการคลังกาหนด  
 
ข้อ  4 . เงินกองทุนสารองเลี้ยงชีพ  
  การเป็นสมาชิกพนักงานมีสิทธิเป็นสมาชิกของกองทุนตั้งแต่วันที่ได้รับการบรรจุเป็นพนักงาน
 ประจาของบริษัทฯสาหรับพนักงานที่เป็นสมาชิกของกองทุนก่อนข้อบังคับฉบับนี้ใช้บังคับให้นับ
 อายุของสมาชิกต่อเนื่อง  
 
  การสิ้นสุดสมาชิกภาพสมาชิกจะสิ้นสุดลงเมื่อวันที่สมาชิกผู้นั้นพ้นสภาพจากการเป็นพนักงาน
 โดยลาออกจากงานหรือครบเกษียณอายุสิ้นสุดการทางานลงด้วยเหตุอื่นใดหรือไร้ความสามารถหรื"
หมวดที่  10 ,การสวัสดิการ,"ากการเป็นพนักงาน
 โดยลาออกจากงานหรือครบเกษียณอายุสิ้นสุดการทางานลงด้วยเหตุอื่นใดหรือไร้ความสามารถหรือ
 วิกลจริตโดยที่ได้รับคารับรองของแพทย์ที่บริษัทฯเลือกหรือเสียชีวิตหรือลาออกจากกองทุนหรือ  
 กองทุนเลิก  
 
  เมื่อสมาชิกคนใดสิ้นสุดสมาชิกภาพตามข้อบังคับนี้คณะกรรมการกองทุนจะแจ้งผู้จัดการ
 กองทุนเป็นลายลักษณ์อักษรถึงการสิ้นสุดสมาชิกภาพของสมาชิกผู้นั้นอย่างน้อย 20  วันนับแต่วันสิ้นสุด
 สมาชิกภาพ  
 
 
4 .1 พนักงานที่เป็นสมาชิกของกองทุนต้องจ่ายเงินสะสมในอัตราร้อยละตามข้อบังคับของกองทุน  
 สารองเลี้ย"
หมวดที่  10 ,การสวัสดิการ," 
4 .1 พนักงานที่เป็นสมาชิกของกองทุนต้องจ่ายเงินสะสมในอัตราร้อยละตามข้อบังคับของกองทุน  
 สารองเลี้ยงชีพพนักงานบริษัททิพยประกันภัยจากัด  (มหาชน)  ซึ่งจดทะเบียนแล้วของเงินเดือน  
 ค่าจ้างตามความสมัครใจเข้ากองทุนโดยยินยอมให้บริษัทฯหักเงินเดือนค่าจ้างในทุกงวดที่มี  
 การจ่ายเงินเดือนค่าจ้างเพื่อนาส่งเข้ากองทุนเว้นแต่กรณีที่พนักงานพ้นสภาพจากการเป็น  
 พนักงานในระหว่างงวดที่มีการจ่ายเงินเดือนค่าจ้างนั้น   
 
 4 .2 บริษัทฯจะจ่ายเงินสมทบในทุกงวดที่มีการจ่ายเงินเดือนค่าจ้างเว้นแต่ที่พนักงานพ้นสภาพจาก  
"
หมวดที่  10 ,การสวัสดิการ,"น   
 
 4 .2 บริษัทฯจะจ่ายเงินสมทบในทุกงวดที่มีการจ่ายเงินเดือนค่าจ้างเว้นแต่ที่พนักงานพ้นสภาพจาก  
การเป็นพนักงานในระหว่างงวดที่มีการจ่ายเงินเดือนค่าจ้างในอัตราดังนี้  
  4 .2.1 พนักงานที่มีอายุงานของสมาชิกน้อยกว่าหรือเท่ากับ 6  ปีบริษัทฯจ่ายเงินสมทบให้แก่
                          กองทุนในอัตราร้อยละ 5   ของเงินเดือนค่าจ้างของพนักงาน   
  4 .2.2  พนักงานที่มีอายุงานของสมาชิกมากกว่า 6  ปีขึ้นไปบริษัทฯจ่ายเงินสมทบให้แก่กองทุน  
   ในอัตราร้อยละ 10   ของเงินเดือนค่าจ้างของพนักงาน   
 
  
 
 4 .3 "
หมวดที่  10 ,การสวัสดิการ,"ิษัทฯจ่ายเงินสมทบให้แก่กองทุน  
   ในอัตราร้อยละ 10   ของเงินเดือนค่าจ้างของพนักงาน   
 
  
 
 4 .3 สมาชิกจะไม่ได้รับเงินสมทบรวมทั้งผลประโยชน์ของเงินสมทบทั้งจานวนในกรณีที่ทางาน  
  น้อยกว่าหรือเท่ากับ   6  ปีและหากสมาชิกสิ้นสมาชิกภาพตามข้อบังคับนี้ด้วยสาเหตุดังต่อไปนี้   
  4.3.1  ทุจริตต่อหน้าที่หรือกระทาความผิดอาญาโดยเจตนาต่อบริษัทฯ  
  4.3.2    จงใจทาให้บริษัทฯได้รับความเสียหาย  
  4.3.3  ฝ่าฝืนข้อบังคับเกี่ยวกับการทางานหรือคาสั่งของบริษัทฯอันชอบด้วยกฎหมายและ   
   บริษัทฯได้ตักเตือนเป็นหนังส"
หมวดที่  10 ,การสวัสดิการ,"นข้อบังคับเกี่ยวกับการทางานหรือคาสั่งของบริษัทฯอันชอบด้วยกฎหมายและ   
   บริษัทฯได้ตักเตือนเป็นหนังสือแล้วเว้นแต่กรณีร้ายแรงบริษัทฯไม่จาเป็นต้องตักเตือน  
  4.3.4  ละทิ้งหน้าที่เป็นเวลา  7 วันทางานติดต่อกันโดยไม่มีเหตุอันสมควร  
         4.3.5  ประมาทเลินเล่อเป็นเหตุให้บริษัทฯได้รับความเสียหายอย่างร้ายแรง  
         4.3.6  ได้รับโทษจาคุกตามคาพิพากษาถึงที่สุดให้จาคุก  
         4.3.7  ลาออกโดยคณะกรรมการบริหารพิจารณาเห็นแล้วว่ามิได้ปฏิบัติให้ถูกต้องตาม  
   ข้อบังคับเกี่ยวกับการทางานของบริษัทฯว่าด"
หมวดที่  10 ,การสวัสดิการ,"รมการบริหารพิจารณาเห็นแล้วว่ามิได้ปฏิบัติให้ถูกต้องตาม  
   ข้อบังคับเกี่ยวกับการทางานของบริษัทฯว่าด้วยเรื่องการลาออก      
 4.4 การจ่ายเงินเงินจานวนใดๆก็ตามของกองทุนที่ถึงวาระจ่ายให้แก่สมาชิกหรือผู้แทนหรือทายาท  
  ของสมาชิกหรือผู้รับสิทธิประโยชน์ที่สมาชิกกาหนดให้ผู้จัดการกองทุนทาการจ่ายรวมทั้งหมด  
  ครั้งเดียวหลังจากหักภาษีณที่จ่ายภายในเวลาไม่เกิน  45 วันนับแต่วันสิ้นสมาชิกภาพ            
  โดยให้ผู้จัดการกองทุนทาเช็คสั่งจ่ายเข้าบัญชีผู้รับโดยเฉพาะและส่งมอบให้กับคณะกรรมการ  
  กองทุนเพื่อทากา"
หมวดที่  10 ,การสวัสดิการ,"ให้ผู้จัดการกองทุนทาเช็คสั่งจ่ายเข้าบัญชีผู้รับโดยเฉพาะและส่งมอบให้กับคณะกรรมการ  
  กองทุนเพื่อทาการส่งมอบให้สมาชิกหรือผู้มีสิทธิได้รับในการนี้ถือว่าผู้จัดการกองทุนได้  
  ทาการจ่ายเงินให้สมาชิกหรือผู้มีสิทธิได้รับถูกต้องเรียบร้อยแล้วทั้งนี้เว้นแต่สมาชิกจะร้องขอ  
  เป็นลายลักษณ์อักษรต่อคณะกรรมการกองทุนให้ผู้จัดการกองทุนจ่ายเงินให้แก่สมาชิกเอง  
  โดยทาเช็คสั่งจ่ายระบุชื่อสมาชิกผู้นั้น  
 
ข้อ  5 . การประกันภัยอุบัติเหตุส่วนบุคคล     
บริษัทฯจัดทาประกันภัยอุบัติเหตุส่วนบุคคลให้แก่พนักงานโดยบริษ"
หมวดที่  10 ,การสวัสดิการ," . การประกันภัยอุบัติเหตุส่วนบุคคล     
บริษัทฯจัดทาประกันภัยอุบัติเหตุส่วนบุคคลให้แก่พนักงานโดยบริษัทฯจ่ายค่าเบี้ยประกันภัยให้  
 
ข้อ  6 . เครื่องแบบพนักงาน    
บริษัทฯจะให้ความช่วยเหลือแก่พนักงานปีละ 8,000 บาทโดยบริษัทฯกาหนดเครื่องแบบให้  
 
ข้อ  7 . ค่าทาศพ  
 7 .1 กรณีพนักงานถึงแก่กรรมบริษัทฯจะร่วมเป็นเจ้าภาพสวดพระอภิธรรมหรือร่วมจัดงานตาม  
  ประเพณีของพนักงานผู้ถึงแก่กรรมจานวน   1  คืนเป็นจานวนเงิน  3 6 0 , 0 0 0  บาท   
 
 7.2 กรณีที่คู่สมรสบุตรชอบด้วยกฎหมายของพนักงานหรือบิดามารดาของพนักง"
หมวดที่  10 ,การสวัสดิการ,"นวนเงิน  3 6 0 , 0 0 0  บาท   
 
 7.2 กรณีที่คู่สมรสบุตรชอบด้วยกฎหมายของพนักงานหรือบิดามารดาของพนักงานถึงแก่กรรม          
บริษัทฯจะร่วมเป็นเจ้าภาพสวดพระอภิธรรมหรือร่วมจัดงานตามประเพณีจานวน  3  คืนเป็น  
จานวนเงิน  15 0 , 0 0 0   บาท  
 
ข้อ  8 . เงินกู้เคหะสงเคราะห์     
บริษัทฯจัดบริการเงินกู้เคหะสงเคราะห์เพื่อใช้เป็นที่อยู่อาศัยของพนักงานหรือของคู่สมรส
ตามกฎหมาย  
 
ข้อ  9 . การนันทนาการ   
บริษัทฯจะจัดให้มีกิจกรรมสันทนาการให้กับพนักงานตามความเหมาะสมเพื่อส่งเสริมให้
พนักงานมีสุขภาพและพลานามัย"
หมวดที่  10 ,การสวัสดิการ,"ษัทฯจะจัดให้มีกิจกรรมสันทนาการให้กับพนักงานตามความเหมาะสมเพื่อส่งเสริมให้
พนักงานมีสุขภาพและพลานามัยรวมทั้งกิจกรรมอื่นใดอันเกี่ยวกับการพักผ่อนหย่อนใจ  
 
ข้อ  10 . สิ่งจูงใจในการทางาน 
  บริษัทฯจะจัดให้มีเงินหรือสิ่งของเป็นรางวัลหรือสิ่งตอบแทนอื่นๆอันเป็นสิ่งจูงใจในการทางาน  
 ให้แก่พนักงานเพื่อเสริมสร้างประสิทธิภาพในการทางานให้ดียิ่งขึ้นดังนี้  
 
 10 . 1 รางวัลปฏิบัติงานดีเลิศ  
บริษัทฯมีรางวัลมอบให้แก่ผู้ปฏิบัติงานดีเลิศตามที่บริษัทฯเห็นสมควรซึ่งการปฏิบัติงานดีเลิศ  
หมายถึงการปฏิบัติงานดีสูง"
หมวดที่  10 ,การสวัสดิการ,"อบให้แก่ผู้ปฏิบัติงานดีเลิศตามที่บริษัทฯเห็นสมควรซึ่งการปฏิบัติงานดีเลิศ  
หมายถึงการปฏิบัติงานดีสูงกว่ามาตรฐานที่กาหนดเสมอต้นเสมอปลายเป็นระยะต่อเนื่องกัน  
ไม่น้อยกว่า  9  เดือน   
   การพิจารณาการให้รางวัลปฏิบัติงานดีเลิศต่อเนื่อง  
   ก.   งานทุกขั้นตอนที่ปฏิบัติและอยู่ในความรับผิดชอบมีประสิทธิภาพสูง  
   ข.  ผลงานเห็นได้ชัดและวัดผลได้เป็นรูปธรรมมีการบันทึกจานวนผลงาน  
   ค .  มีแนวโน้มการปฏิบัติงานดีเลิศสืบต่อไปในอนาคต  
 
 10.2     หนังสือชมเชย  
  หนังสือชมเชยออกให้พนักงานที่ปฏิบัติงานอยู่"
หมวดที่  10 ,การสวัสดิการ,"ติงานดีเลิศสืบต่อไปในอนาคต  
 
 10.2     หนังสือชมเชย  
  หนังสือชมเชยออกให้พนักงานที่ปฏิบัติงานอยู่ในระดับดีมีคุณภาพสูงเกินความคาดหมายแต่ยัง  
 ไม่ถึงระดับการได้รับรางวัลปฏิบัติงานดีเลิศ  
 
 10.3     โครงการเสนอความคิด  
  ความคิดสร้างสรรค์ที่เสนอโดยพนักงานคนหนึ่งคนใดหรือหลายคนรวมกันเป็นผลให้สามารถ  
 ประหยัดทรัพย์ทาให้ผลงานดีกว่าเดิมหรือเกิดประโยชน์มากขึ้นระบบการจัดการบริษัทฯหรือระบบการ   
 
  จัดการองค์กรดีขึ้นประหยัดเครื่องมือทรัพย์สินส่งเสริมสุขภาพสร้างความปลอดภัยหรือส่งเสริมให้มี  
 ขวัญแ"
หมวดที่  10 ,การสวัสดิการ,"จัดการองค์กรดีขึ้นประหยัดเครื่องมือทรัพย์สินส่งเสริมสุขภาพสร้างความปลอดภัยหรือส่งเสริมให้มี  
 ขวัญและกาลังใจในการทางานพนักงานผู้เสนอความคิดสร้างสรรค์ดังที่ได้กล่าวขั้นต้นจะได้รับรางวัล  
 เกียรติยศและ/หรือรางวัลเงินสดตามที่บริษัทฯจะพิจารณา  
 
 
 
 
 
 10 .4 รางวัลอายุการทางาน  
  บริษัทฯจะจัดรางวัลให้พนักงานผู้ปฏิบัติหน้าที่ด้วยความซื่อสัตย์สุจริตพนักงานจะได้รับ  
 รางวัลเมื่อทางานติดต่อกันครบระยะเวลา  23  ปี 
 
 10.5     เงินช่วยเหลืออื่นๆตามที่บริษัทฯเห็นสมควร    
ข้อ  11 . การใช้สวัสดิการปร"
หมวดที่  10 ,การสวัสดิการ,"ยะเวลา  23  ปี 
 
 10.5     เงินช่วยเหลืออื่นๆตามที่บริษัทฯเห็นสมควร    
ข้อ  11 . การใช้สวัสดิการประเภทใดประเภทหนึ่งโดยมิชอบหรือเบิกเท็จ     
บริษัทฯจะตัดสิทธิการได้รับสวัสดิการประเภทนั้นตลอดการเป็นพนักงานบริษัทฯ  
 
ส่วนที่  2  
ใช้สาหรับพนักงานที่จ้างทดลองงานตั้งแต่วันที่  1 มิถุนายน  2 5 4 8  
 
ข้อ  1 . บริษัทฯมีสวัสดิการให้กับพนักงานที่บรรจุเป็นพนักงานประจาแล้วดังต่อไปนี้  
 1 .1 เงินช่วยเหลือในการรักษาพยาบาล  
 1 .2 เงินกองทุนสารองเลี้ยงชีพ  
 1 .3 การประกันภัยอุบัติเหตุส่วนบุคคล  
 1 .4 "
หมวดที่  10 ,การสวัสดิการ,"ือในการรักษาพยาบาล  
 1 .2 เงินกองทุนสารองเลี้ยงชีพ  
 1 .3 การประกันภัยอุบัติเหตุส่วนบุคคล  
 1 .4 เครื่องแบบพนักงาน  
 1 .5 ค่าทาศพ  
 1 . 6 เงินกู้เคหะสงเคราะห์  
 1.7 การนันทนาการ  
 1.8 สิ่งจูงใจในการทางาน  
  
ข้อ  2 . เงินช่วยเหลือในการรักษาพยาบาล  
  บริษัทฯมีสวัสดิการช่วยเหลือในการรักษาพยาบาลให้กับพนักงานดังนี้  
-     พนักงานบริษัทฯจัดทาประกันภัยสุขภาพหมู่กับบริษัทประกันภัยที่มีชื่อเสียงโดยเข้ารับ  
     การรักษาพยาบาลประเภทคนไข้ในและคนไข้นอกกับสถานพยาบาลของทางราชการ  
     สถานพยาบาลข"
หมวดที่  10 ,การสวัสดิการ,"โดยเข้ารับ  
     การรักษาพยาบาลประเภทคนไข้ในและคนไข้นอกกับสถานพยาบาลของทางราชการ  
     สถานพยาบาลของเอกชนและสถานพยาบาลที่มีข้อตกลงตามกรมธรรม์ประกันภัยสุขภาพ   
 
        กรณีพนักงานผู้ใดเกิดการเจ็บป่วยโดยกะทันหันและจะเป็นอันตรายร้ายแรงถึงชีวิตหรือ  
        ทุพพลภาพถ้าไม่เข้ารับการรักษาพยาบาลโดยทันทีบริษัทฯอนุญาตให้พนักงานผู้นั้นไปเข้า  
     รับการรักษาพยาบาลณสถานพยาบาลใดๆก็ได้สาหรับค่าใช้จ่ายที่เกิดขึ้นในสถาน  
     พยาบาลดังกล่าวให้ขออนุมัติต่อคณะกรรมการบริหารพิจารณาตามที่เห็นสมควรเป็นกรณี "
หมวดที่  10 ,การสวัสดิการ,"ี่เกิดขึ้นในสถาน  
     พยาบาลดังกล่าวให้ขออนุมัติต่อคณะกรรมการบริหารพิจารณาตามที่เห็นสมควรเป็นกรณี  
     เฉพาะราย  
 
  กรณีพนักงานที่ประสบอันตรายหรือเจ็บป่วยอันเกิดขึ้นเนื่องจากการทางานให้กับบริษัทฯให้
 รายงานต่อผู้บังคับบัญชาหรือฝ่ายทรัพยากรบุคคลทันทีตามระเบียบของสานักงานกองทุนเงินทดแทน  
ให้บริษัทฯแจ้งสานักงานกองทุนเงินทดแทนกรมสวัสดิการและคุ้มครองแรงงานเพื่อขอรับค่าทดแทน  
และค่ารักษาพยาบาลสาหรับพนักงานและหากค่ารักษาพยาบาลนั้นเกินกว่าที่ได้รับจากกองทุนเงิน  
ทดแทนให้พนักงานผู้นั้นขออนุมัติเ"
หมวดที่  10 ,การสวัสดิการ,"หรับพนักงานและหากค่ารักษาพยาบาลนั้นเกินกว่าที่ได้รับจากกองทุนเงิน  
ทดแทนให้พนักงานผู้นั้นขออนุมัติเบิกจ่ายเฉพาะส่วนที่เกินต่อคณะกรรมการบริหารพิจารณาตามที่
เห็นสมควรเป็นกรณีเฉพาะราย  
 
 
ข้อ  3 . เงินกองทุนสารองเลี้ยงชีพ  
  การเป็นสมาชิกพนักงานมีสิทธิเป็นสมาชิกของกองทุนตั้งแต่วันที่ได้รับการบรรจุเป็นพนักงาน
 ประจาของบริษัทฯสาหรับพนักงานที่เป็นสมาชิกของกองทุนก่อนข้อบังคับฉบับนี้ใช้บังคับให้นับ
 อายุของสมาชิกต่อเนื่อง  
  การสิ้นสุดสมาชิกภาพสมาชิกจะสิ้นสุดลงเมื่อวันที่สมาชิกผู้นั้นพ้นสภาพจากการเ"
หมวดที่  10 ,การสวัสดิการ,"ายุของสมาชิกต่อเนื่อง  
  การสิ้นสุดสมาชิกภาพสมาชิกจะสิ้นสุดลงเมื่อวันที่สมาชิกผู้นั้นพ้นสภาพจากการเป็นพนักงาน
 โดยลาออกจากงานหรือครบเกษียณอายุสิ้นสุดการทางานลงด้วยเหตุอื่นใดหรือไร้ความสามารถหรือ
 วิกลจริตโดยที่ได้รับคารับรองของแพทย์ที่บริษัทฯเลือกหรือเสียชีวิตหรือลาออกจากกองทุนหรือ  
 กองทุนเลิก  
  เมื่อสมาชิกคนใดสิ้นสุดสมาชิกภาพตามข้อบังคับนี้คณะกรรมการกองทุนจะแจ้งผู้จัดการ
 กองทุนเป็นลายลักษณ์อักษรถึงการสิ้นสุดสมาชิกภาพของสมาชิกผู้นั้นอย่างน้อย 45  วันนับแต่วันสิ้นสุด
 สมาชิกภาพ  
3 .1   พนั"
หมวดที่  10 ,การสวัสดิการ,"อักษรถึงการสิ้นสุดสมาชิกภาพของสมาชิกผู้นั้นอย่างน้อย 45  วันนับแต่วันสิ้นสุด
 สมาชิกภาพ  
3 .1   พนักงานที่เป็นสมาชิกของกองทุนต้องจ่ายเงินสะสมในอัตราร้อยละตามข้อบังคับของกองทุนสารอง  
       เลี้ยงชีพพนักงานบริษัททิพยประกันภัยจากัด  (มหาชน) ซึ่งจดทะเบียนแล้วของเงินเดือนค่าจ้าง  
       ตามความสมัครใจเข้ากองทุนโดยยินยอมให้บริษัทฯหักเงินเดือนค่าจ้างในทุกงวดที่มีการจ่าย  
       เงินเดือนค่าจ้างเพื่อนาส่งเข้ากองทุนเว้นแต่กรณีที่พนักงานพ้นสภาพจากการเป็นพนักงานใน  
       ระหว่างงวดที่มีการจ่ายเงินเด"
หมวดที่  10 ,การสวัสดิการ,"นาส่งเข้ากองทุนเว้นแต่กรณีที่พนักงานพ้นสภาพจากการเป็นพนักงานใน  
       ระหว่างงวดที่มีการจ่ายเงินเดือนค่าจ้างนั้น    
 
  3 .2   บริษัทฯจะจ่ายเงินสมทบในทุกงวดที่มีการจ่ายเงินเดือนค่าจ้างเว้นแต่ที่พนักงานพ้นสภาพจาก         
        การเป็นพนักงานในระหว่างงวดที่มีการจ่ายเงินเดือนค่าจ้างในอัตราดังนี้  
     3. 2 .1 พนักงานที่มีอายุงานของสมาชิกน้อยกว่าหรือเท่ากับ 8  ปีบริษัทฯจ่ายเงินสมทบให้แก่  
กองทุนในอัตราร้อยละ 5   ของเงินเดือนค่าจ้างของพนักงาน   
         3 . 2 .2 พนักงานที่มีอายุงานของสมาชิกม"
หมวดที่  10 ,การสวัสดิการ,"ุนในอัตราร้อยละ 5   ของเงินเดือนค่าจ้างของพนักงาน   
         3 . 2 .2 พนักงานที่มีอายุงานของสมาชิกมากกว่า 8  ปีขึ้นไปบริษัทฯจ่ายเงินสมทบให้แก่กองทุน  
   ในอัตราร้อยละ 10   ของเงินเดือนค่าจ้างของพนักงาน  
 
 3 .3   สมาชิกจะไม่ได้รับเงินสมทบรวมทั้งผลประโยชน์ของเงินสมทบทั้งจานวนในกรณีที่ทางาน  
        น้อยกว่าหรือเท่ากับ   8   ปีและหากสมาชิกสิ้นสมาชิกภาพตามข้อบังคับนี้ด้วยสาเหตุดังต่อไปนี้   
  3.3.1  ทุจริตต่อหน้าที่หรือกระทาความผิดอาญาโดยเจตนาต่อบริษัทฯ  
         3.3.2  จงใจทาให้บริษัทฯได้รับ"
หมวดที่  10 ,การสวัสดิการ,"3.1  ทุจริตต่อหน้าที่หรือกระทาความผิดอาญาโดยเจตนาต่อบริษัทฯ  
         3.3.2  จงใจทาให้บริษัทฯได้รับความเสียหาย  
         3.3.3  ฝ่าฝืนข้อบังคับเกี่ยวกับการทางานหรือคาสั่งของบริษัทฯอันชอบด้วยกฎหมายและ   
   บริษัทฯได้ตักเตือนเป็นหนังสือแล้วเว้นแต่กรณีร้ายแรงบริษัทฯไม่จาเป็นต้องตักเตือน 
  3.3.4  ละทิ้งหน้าที่เป็นเวลา  7 วันทางานติดต่อกันโดยไม่มีเหตุอันสมควร  
  3.3.5  ประมาทเลินเล่อเป็นเหตุให้บริษัทฯได้รับความเสียหายอย่างร้ายแรง  
         3.3.6  ได้รับโทษจาคุกตามคาพิพากษาถึงที่สุดให้จาคุก  
  "
หมวดที่  10 ,การสวัสดิการ,"ษัทฯได้รับความเสียหายอย่างร้ายแรง  
         3.3.6  ได้รับโทษจาคุกตามคาพิพากษาถึงที่สุดให้จาคุก  
  3.3.7  ลาออกโดยคณะกรรมการบริหารพิจารณาเห็นแล้วว่ามิได้ปฏิบัติให้ถูกต้องตาม  
   ข้อบังคับเกี่ยวกับการทางานของบริษัทฯว่าด้วยเรื่องการลาออก      
 3.4   การจ่ายเงินเงินจานวนใดๆก็ตามของกองทุนที่ถึงวาระจ่ายให้แก่สมาชิกหรือผู้แทนหรือทายาท          
        ของสมาชิกหรือผู้รับสิทธิประโยชน์ที่สมาชิกกาหนดให้ผู้จัดการกองทุนทาการจ่ายรวมทั้งหมด  
        ครั้งเดียวหลังจากหักภาษีณที่จ่ายภายในเวลาไม่เกิน  45 ว"
หมวดที่  10 ,การสวัสดิการ,"้ผู้จัดการกองทุนทาการจ่ายรวมทั้งหมด  
        ครั้งเดียวหลังจากหักภาษีณที่จ่ายภายในเวลาไม่เกิน  45 วันนับแต่วันสิ้นสมาชิกภาพ           
        โดยให้ผู้จัดการกองทุนทาเช็คสั่งจ่ายเข้าบัญชีผู้รับโดยเฉพาะและส่งมอบให้กับคณะกรรมการ          
        กองทุนเพื่อทาการส่งมอบให้สมาชิกหรือผู้มีสิทธิได้รับในการนี้ถือว่าผู้จัดการกองทุนได้ทาการ  
        จ่ายเงินให้สมาชิกหรือผู้มีสิทธิได้รับถูกต้องเรียบร้อยแล้วทั้งนี้เว้นแต่สมาชิกจะร้องขอเป็น 
        ลายลักษณ์อักษรต่อคณะกรรมการกองทุนให้ผู้จัดการกองทุนจ่ายเ"
หมวดที่  10 ,การสวัสดิการ,"้วทั้งนี้เว้นแต่สมาชิกจะร้องขอเป็น 
        ลายลักษณ์อักษรต่อคณะกรรมการกองทุนให้ผู้จัดการกองทุนจ่ายเงินให้แก่สมาชิกเอง  
        โดยทาเช็คสั่งจ่ายระบุชื่อสมาชิกผู้นั้น  
 
ข้อ  4 . การประกันภัยอุบัติเหตุส่วนบุคคล     
บริษัทฯจัดทาประกันภัยอุบัติเหตุส่วนบุคคลให้แก่พนักงานโดยบริษัทฯจ่ายค่าเบี้ยประกันภัยให้  
 
ข้อ  5 . เครื่องแบบพนักงาน     
 
 บริษัทฯจะให้ความช่วยเหลือแก่พนักงานปีละ 8,000 บาทโดยบริษัทฯกาหนดเครื่องแบบให้  
 
ข้อ  6 . ค่าทาศพ  
 6 .1   กรณีพนักงานถึงแก่กรรมบริษัทฯจะร่วมเป็นเจ้าภาพส"
หมวดที่  10 ,การสวัสดิการ,"ษัทฯกาหนดเครื่องแบบให้  
 
ข้อ  6 . ค่าทาศพ  
 6 .1   กรณีพนักงานถึงแก่กรรมบริษัทฯจะร่วมเป็นเจ้าภาพสวดพระอภิธรรมหรือร่วมจัดงานตาม  
        ประเพณีของพนักงานผู้ถึงแก่กรรมจานวน  3  คืนเป็นจานวนเงิน 3 0 0, 000  บาท 
 6.2   กรณีที่คู่สมรสบุตรชอบด้วยกฎหมายของพนักงานหรือบิดามารดาของพนักงานถึงแก่กรรม         
        บริษัทฯจะร่วมเป็นเจ้าภาพสวดพระอภิธรรมหรือร่วมจัดงานตามประเพณีจานวน  3  คืนเป็น         
        จานวนเงิน  15 0 , 0 0 0   บาท  
 
ข้อ  7 . เงินกู้เคหะสงเคราะห์     
บริษัทฯจัดบริการเงินกู"
หมวดที่  10 ,การสวัสดิการ,"
        จานวนเงิน  15 0 , 0 0 0   บาท  
 
ข้อ  7 . เงินกู้เคหะสงเคราะห์     
บริษัทฯจัดบริการเงินกู้เคหะสงเคราะห์เพื่อใช้เป็นที่อยู่อาศัยของพนักงานหรือของคู่สมรส
ตามกฎหมาย  
 
ข้อ  8 . การนันทนาการ    
บริษัทฯจะจัดให้มีกิจกรรมสันทนาการให้กับพนักงานตามความเหมาะสมเพื่อ  
 ส่งเสริมให้พนักงานมีสุขภาพและพลานามัยรวมทั้งกิจกรรมอื่นใดอันเกี่ยวกับการพักผ่อนหย่อนใจ  
 
ข้อ 9 . สิ่งจูงใจในการทางาน 
  บริษัทฯจะจัดให้มีเงินหรือสิ่งของเป็นรางวัลหรือสิ่งตอบแทนอื่นๆอันเป็นสิ่งจูงใจในการทางาน  
 ให้แก่พนักงานเพ"
หมวดที่  10 ,การสวัสดิการ,"ฯจะจัดให้มีเงินหรือสิ่งของเป็นรางวัลหรือสิ่งตอบแทนอื่นๆอันเป็นสิ่งจูงใจในการทางาน  
 ให้แก่พนักงานเพื่อเสริมสร้างประสิทธิภาพในการทางานให้ดียิ่งขึ้นดังนี้  
 
  9.1 รางวัลปฏิบัติงานดีเลิศ  
บริษัทฯมีรางวัลมอบให้แก่ผู้ปฏิบัติงานดีเลิศตามที่บริษัทฯเห็นสมควรซึ่งการปฏิบัติงาน  
ดีเลิศหมายถึงการปฏิบัติงานดีสูงกว่ามาตรฐานที่กาหนดเสมอต้นเสมอปลายเป็นระยะต่อเนื่องกันไม่  
น้อยกว่า 6  เดือน    
   การพิจารณาการให้รางวัลปฏิบัติงานดีเลิศต่อเนื่อง  
   ก.   งานทุกขั้นตอนที่ปฏิบัติและอยู่ในความรับผิดชอบมีประสิ"
หมวดที่  10 ,การสวัสดิการ,"การให้รางวัลปฏิบัติงานดีเลิศต่อเนื่อง  
   ก.   งานทุกขั้นตอนที่ปฏิบัติและอยู่ในความรับผิดชอบมีประสิทธิภาพสูง  
   ข.  ผลงานเห็นได้ชัด  
   ค .  มีแนวโน้มการปฏิบัติงานดีเลิศสืบต่อไปในอนาคต  
 
  9.2      หนังสือชมเชย  
   หนังสือชมเชยออกให้พนักงานที่ปฏิบัติงานอยู่ในระดับดีมีคุณภาพสูงเกินความ   
 
  คาดหมายแต่ยังไม่ถึงระดับการได้รับรางวัลปฏิบัติงานดีเลิศ 
 
  9.3      โครงการเสนอความคิด  
ความคิดสร้างสรรค์ที่เสนอโดยพนักงานคนหนึ่งคนใดหรือหลายคยรวมกันเป็นผลให้
สามารถประหยัดทรัพย์ทาให้ผลงานดีกว่าเดิ"
หมวดที่  10 ,การสวัสดิการ,"้างสรรค์ที่เสนอโดยพนักงานคนหนึ่งคนใดหรือหลายคยรวมกันเป็นผลให้
สามารถประหยัดทรัพย์ทาให้ผลงานดีกว่าเดิมหรือเกิดประโยชน์มากขึ้นระบบการจัดการบริษัทฯหรือ
ระบบการจัดการองค์กรดีขึ้นประหยัดเครื่องมือทรัพย์สินส่งเสริมสุขภาพสร้างความปลอดภัยหรือ
ส่งเสริมให้มีขวัญและกาลังใจในการทางานพนักงานผู้เสนอความคิดสร้างสรรค์ดังที่ได้กล่าวขั้นต้นจะ
ได้รับรางวัลเกียรติยศและ/หรือรางวัลเงินสดตามที่บริษัทฯจะพิจารณา  
 
 
  9.4 รางวัลอายุการทางาน  
  บริษัทฯจะจัดรางวัลให้พนักงานผู้ปฏิบัติหน้าที่ด้วยความซื่อสัตย์สุจริตพนักงา"
หมวดที่  10 ,การสวัสดิการ,".4 รางวัลอายุการทางาน  
  บริษัทฯจะจัดรางวัลให้พนักงานผู้ปฏิบัติหน้าที่ด้วยความซื่อสัตย์สุจริตพนักงานจะได้รับ  
 รางวัลเมื่อทางานติดต่อกันครบระยะเวลา  23  ปี 
 
ข้อ  10 .    เงินช่วยเหลืออื่นๆตามที่บริษัทฯเห็นสมควร   
              เช่นเงินช่วยเหลือมงคลสมรสเงินช่วยเหลือเพื่อการอุปสมบทเป็นต้น  
 
ข้อ  11 .  การใช้สวัสดิการประเภทใดประเภทหนึ่งโดยมิชอบหรือเบิกเท็จ     
บริษัทฯจะตัดสิทธิการได้รับสวัสดิการประเภทนั้นตลอดการเป็นพนักงานบริษัทฯ  
 
 
"
หมวดที่  10 ,การสวัสดิการ,"การประเภทนั้นตลอดการเป็นพนักงานบริษัทฯ  
 
 
"
หมวดที่  1 1  ,เบ็ดเตล็ด," 
ข้อ  1 . การค้าประกันพนักงาน  
  พนักงานจะต้องจัดหาหลักทรัพย์หรือบุคคลมาค้าประกันการทางานกับบริษัทฯโดยมี
หลักเกณฑ์การค้าประกันดังต่อไปนี้  
1.1       พนักงานระดับผู้จัดการส่วนหรือเทียบเท่าขึ้นไปของสายงานบัญชีการเงินให้จัดทาค้าประกัน  
      คนละ 63 0 , 000   บาท 
 1 .2 พนักงานเก็บหรือจ่ายเงินให้จัดทาค้าประกันคนละ 18 0 , 000  บาท  
 1.3   พนักงานที่ครอบครองทรัพย์สินของบริษัทฯให้จัดทาค้าประกันคนละ  1 8 0 , 000  บาท 
 1.4    พนักงานนอกเหนือจาก  1 . 1  และ 1 . 2  ไม่ต้องจัดทาค้าประกันการทางาน  
 
"
หมวดที่  1 1  ,เบ็ดเตล็ด,"  1 8 0 , 000  บาท 
 1.4    พนักงานนอกเหนือจาก  1 . 1  และ 1 . 2  ไม่ต้องจัดทาค้าประกันการทางาน  
 
หลักทรัพย์ค้าประกันได้แก่เงินฝากธนาคารประเภทเงินฝากประจา   
 
  
ในกรณีที่ใช้บุคคลค้าประกันผู้ค้าประกันต้องมีคุณสมบัติดังต่อไปนี้  
1. เป็นข้าราชการระดับชานาญการขึ้นไปหรือข้าราชการทหารตารวจมียศระดับสัญญาบัตร  
ขึ้นไปหรือเป็นพนักงานรัฐวิสาหกิจระดับหัวหน้าแผนกหรือเทียบเท่าขึ้นไปโดยผู้ค้าประกัน
ต้องมีอายุไม่เกิน 60  ปี   
2. เป็นพนักงานประจาของบริษัทเอกชนซึ่งมีเงินเดือนไม่ต่ากว่าเดือนละ 36,000 บาทและ"
หมวดที่  1 1  ,เบ็ดเตล็ด,"ายุไม่เกิน 60  ปี   
2. เป็นพนักงานประจาของบริษัทเอกชนซึ่งมีเงินเดือนไม่ต่ากว่าเดือนละ 36,000 บาทและ
ทางานมาไม่น้อยกว่า  8 ปีโดยผู้ค้าประกันต้องมีอายุไม่เกิน 55 ปี 
  3 .   ต้องไม่อยู่ในระหว่างการค้าประกันให้กับพนักงานอื่นของบริษัทฯ  
  4 .   ต้องไม่เป็นสามีหรือภรรยาของพนักงานที่จะต้องจัดทาค้าประกัน  
  5 .   ต้องได้รับความยินยอมจากสามีหรือภรรยาของผู้ค้าประกัน  
 
ข้อ  2 . เงินรางวัลพิเศษประจาปี  
  บริษัทฯจะจ่ายเงินรางวัลประจาปีให้แก่พนักงานในปีที่บริษัทฯมีผลกาไรโดยจะต้องขึ้นอยู่   
กับผลการปฏิ"
หมวดที่  1 1  ,เบ็ดเตล็ด,"
  บริษัทฯจะจ่ายเงินรางวัลประจาปีให้แก่พนักงานในปีที่บริษัทฯมีผลกาไรโดยจะต้องขึ้นอยู่   
กับผลการปฏิบัติงานของพนักงานตามที่บริษัทฯกาหนดภายใต้พื้นฐานของผลกาไรบริษัทฯในแต่ละปี  
 สาหรับพนักงานที่ทางานไม่ครบ  24  เดือนก็ให้ได้รับตามส่วนเฉลี่ยของเวลาทางาน  
 
ข้อ  3 . การพิจารณาขึ้นเงินเดือนประจาปี  
  ทุกสิ้นปีพนักงานที่ปฏิบัติงานมาไม่น้อยกว่า 6  เดือนนับแต่วันเริ่มเข้าทางานมีสิทธิได้รับการ
 พิจารณาขึ้นเงินเดือนโดยบริษัทฯจะพิจารณาขึ้นเงินเดือนให้ตามผลงานของแต่ละคนตามหลักเกณฑ์  
 ในการพิจารณาขึ้นเงิ"
หมวดที่  1 1  ,เบ็ดเตล็ด,"ึ้นเงินเดือนโดยบริษัทฯจะพิจารณาขึ้นเงินเดือนให้ตามผลงานของแต่ละคนตามหลักเกณฑ์  
 ในการพิจารณาขึ้นเงินเดือนประจาปี  
 
ข้อ  4.   บริษัทฯมีสิทธิอานาจในการโอนย้ายพนักงานให้ไปปฏิบัติงานในตาแหน่งงานอื่นๆที่เหมาะสมหรือเพื่อ  
           ไปช่วยปฏิบัติงานในบริษัทในกลุ่มโดยได้รับค่าจ้างหรือสวัสดิการที่ไม่ต่ากว่าที่ได้รับจากบริษัทฯ  
 
ข้อ  5 .  ในกรณีที่บริษัทฯมีการเปลี่ยนแปลงผู้ถือหุ้นโดยการจดทะเบียนเปลี่ยนแปลงโอนหรือประการใดๆ  
ให้เป็นอีกนิติบุคคลหนึ่งหรือควบรวมกับนิติบุคคลอื่นใดให้เป็นอีกนิติบุคคลหนึ่"
หมวดที่  1 1  ,เบ็ดเตล็ด,"ยนแปลงโอนหรือประการใดๆ  
ให้เป็นอีกนิติบุคคลหนึ่งหรือควบรวมกับนิติบุคคลอื่นใดให้เป็นอีกนิติบุคคลหนึ่งสิทธิต่างๆที่พนักงานมี
อยู่ต่อบริษัทเดิมเช่นใดให้พนักงานมีสิทธิเช่นว่านั้นต่อไปทั้งนี้นิติบุคคลใหม่หรือนายจ้างใหม่ต้องรับไป
ทั้งสิทธิและหน้าที่อันเกี่ยวกับพนักงานนั้นทุกประการ  
 
ข้อ  6 . ประกาศหรือข้อบังคับหรือระเบียบฉบับใดที่มีอยู่ก่อนข้อบังคับฉบับนี้ซึ่งมีผลขัดหรือแย้งกับข้อบังคับ
 ฉบับนี้ให้ยกเลิกเสียแล้วให้ใช้บังคับฉบับนี้แทน   
 
  
ข้อ  7 . การใดที่มิได้กาหนดไว้ในข้อบังคับนี้ให้ถือปฏิบัติ"
หมวดที่  1 1  ,เบ็ดเตล็ด,"เลิกเสียแล้วให้ใช้บังคับฉบับนี้แทน   
 
  
ข้อ  7 . การใดที่มิได้กาหนดไว้ในข้อบังคับนี้ให้ถือปฏิบัติตามกฎหมายคุ้มครองแรงงานหรือประเพณีปฏิบัติที่
 ยึดถือกันตลอดมา  
 
ข้อ  8 . ข้อบังคับเกี่ยวกับการทางานนี้ได้จัดทาขึ้นให้มีความสอดคล้องกับพระราชบัญญัติคุ้มครองแรงงาน    
 พ .ศ . 2 5 4 1  และที่แก้ไขเพิ่มเติมโดยพระราชบัญญัติคุ้มครองแรงงานฉบับที่  2  พ .ศ .  2 5 5 1 , ฉบับที่  3   
 พ .ศ . 2 5 5 1 , ฉบับที่  4  พ .ศ. 2 5 5 3 , ฉบับที่  5   พ .ศ.  2 5 6 0 , ฉบับที่  6   พ . ศ . 2 5 6 0 ,  ฉบับที่  7  พ"
หมวดที่  1 1  ,เบ็ดเตล็ด,"บที่  4  พ .ศ. 2 5 5 3 , ฉบับที่  5   พ .ศ.  2 5 6 0 , ฉบับที่  6   พ . ศ . 2 5 6 0 ,  ฉบับที่  7  พ . ศ .  2 5 6 2    
แต่อย่างไรก็ตามบริษัทฯขอสงวนสิทธิในการแก้ไขปรับปรุงให้มีความเป็นธรรมและสอดคล้องกับสภาพ  
การจ้างทั้งนี้โดยจะปฏิบัติตามพระราชบัญญัติแรงงานสัมพันธ์พ.ศ . 2 5 1 8   แต่อย่างไรก็ตามบริษัทฯ  
ขอสงวนสิทธิในการแก้ไขปรับปรุงให้มีความเป็นธรรมและสอดคล้องกับสภาพการจ้างทั้งนี้โดยจะ  
ปฏิบัติตามพระราชบัญญัติแรงงานสัมพันธ์พ.ศ .  2 5 1 8  
 
ข้อ  9 . ให้กรรมการผู้จัดการใหญ่ของบริษัทฯเป็นผู้มีอ"
หมวดที่  1 1  ,เบ็ดเตล็ด,"ามพระราชบัญญัติแรงงานสัมพันธ์พ.ศ .  2 5 1 8  
 
ข้อ  9 . ให้กรรมการผู้จัดการใหญ่ของบริษัทฯเป็นผู้มีอานาจสูงสุดในการควบคุมให้พนักงานของบริษัทฯ  
  ทุกระดับชั้นปฏิบัติตามข้อบังคับฉบับนี้และให้มีอานาจออกระเบียบคาสั่งหรือประกาศอื่นใดเพื่อให้
 เป็นไปตามข้อบังคับนี้กรณีที่มีปัญหาที่ไม่อาจปฏิบัติได้ให้คณะกรรมการบริหารพิจารณาตัดสินชี้ขาด  
 
 
   ให้ไว้ณวันที่   1   พฤศจิกายน     2 5 6 4  
 
                                                            บริษัททิพยประกันภัยจากัด  (มหาชน)  
 
               "
หมวดที่  1 1  ,เบ็ดเตล็ด,"                                               บริษัททิพยประกันภัยจากัด  (มหาชน)  
 
                                     
    ……………………………………..  
                                                                                      (นายสมใจนึกเองตระกูล)  
                                                                                             ประธานกรรมการ  "
หมวดที่  1 ,บททั่วไป," 
 ข้อบังคับเกี่ยวกับการทางานฉบับนี้จัดทาขึ้นเพื่อรวบรวมนโยบายทั่วไปเกี่ยวกับสภาพการจ้างของ
พนักงานบริษัทฯและถือว่าข้อบังคับเกี่ยวกับการทางานฉบับนี้เป็นส่วนหนึ่งของสัญญาจ้างระหว่างบริษัทฯและ
พนักงานเพื่อแจ้งให้พนักงานทุกคนทราบถึงสิทธิและความรับผิดชอบของตนและข้อกาหนดเงื่อนไขแห่งการ
ว่าจ้างให้เป็นพนักงานของบริษัททิพยประกันภัยจากัด  (มหาชน)  โดยเป็นไปตามบทบัญญัติแห่งพระราชบัญญัติ
คุ้มครองแรงงานพ . ศ .  2 5 4 1   และที่แก้ไขเพิ่มเติมโดยพระราชบัญญัติคุ้มครองแรงงานฉบับที่   2  พ . ศ . 2 5 5 1  , 
ฉบับ"
หมวดที่  1 ,บททั่วไป,".  2 5 4 1   และที่แก้ไขเพิ่มเติมโดยพระราชบัญญัติคุ้มครองแรงงานฉบับที่   2  พ . ศ . 2 5 5 1  , 
ฉบับที่  3  พ. ศ.  2551   , ฉบับที่  4  พ .ศ .  255 3  ,  ฉบับที่  5  พ .ศ . 2 5 6 0   , ฉบับที่  6   พ .ศ .  2560 ,  ฉบับที่  7  พ .ศ .  2562    
 
ข้อ  2 .  เงื่อนไขการจ้างงานและการบรรจุให้เป็นพนักงาน  
2.1 การทดลองงาน  
 
2.1.1 กรณีพนักงานระดับปฏิบัติการพนักงานต้องผ่านการทดลองงานไม่น้อยกว่า 30  วัน  
ก่อนที่จะบรรจุเป็นพนักงานประจาเมื่อครบกาหนดเวลา  30  วันหากปรากฏว่าผลของ
การปฏิบัติงานและความประพฤต"
หมวดที่  1 ,บททั่วไป,"
ก่อนที่จะบรรจุเป็นพนักงานประจาเมื่อครบกาหนดเวลา  30  วันหากปรากฏว่าผลของ
การปฏิบัติงานและความประพฤติของพนักงานผู้นั้นเป็นที่พอใจเหมาะสมกับตาแหน่ง
งานบริษัทฯจะบรรจุเป็นพนักงานประจาทันทีโดยออกคาสั่งเป็นลายลักษณ์อักษร   
แต่ถ้าผลของการปฏิบัติงานและความประพฤติยังไม่เป็นที่พอใจบริษัทฯอาจจะขยาย
เวลาทดลองงานต่อไปได้อีกตามที่เห็นสมควรแต่เมื่อรวมระยะเวลาทดลองงานแล้ว   
ทั้งหมดต้องไม่เกิน  60   วัน 
 
  
 
  
 
 
 
2.1.2 กรณีพนักงานระดับผู้จัดการส่วนผู้จัดการส่วนอาวุโสรองผู้อานวยการฝ่ายพนักงาน
ต้องผ่านกา"
หมวดที่  1 ,บททั่วไป,"
  
 
 
 
2.1.2 กรณีพนักงานระดับผู้จัดการส่วนผู้จัดการส่วนอาวุโสรองผู้อานวยการฝ่ายพนักงาน
ต้องผ่านการทดลองงานไม่น้อยกว่า  60  วันก่อนที่จะบรรจุเป็นพนักงานประจา  
เมื่อครบกาหนดเวลา  60 วันหากปรากฏว่าผลของการปฏิบัติงานและความประพฤติ
ของพนักงานผู้นั้นเป็นที่พอใจเหมาะสมกับตาแหน่งงานบริษัทฯจะบรรจุเป็น  
พนักงานประจาทันทีโดยออกคาสั่งเป็นลายลักษณ์อักษรแต่ถ้าผลของการปฏิบัติงาน 
และความประพฤติยังไม่เป็นที่พอใจบริษัทฯอาจจะขยายเวลาทดลองงานต่อไปได้อีก
ตามที่เห็นสมควรแต่เมื่อรวมระยะเวลาทดลองงานแล้วทั้งหมดต้อ"
หมวดที่  1 ,บททั่วไป,"พอใจบริษัทฯอาจจะขยายเวลาทดลองงานต่อไปได้อีก
ตามที่เห็นสมควรแต่เมื่อรวมระยะเวลาทดลองงานแล้วทั้งหมดต้องไม่เกิน  100   วัน 
 
2.1.3 กรณีพนักงานระดับผู้อานวยการฝ่ายขึ้นไปพนักงานต้องผ่านการทดลองงานไม่น้อยกว่า  
90   วันก่อนที่จะบรรจุเป็นพนักงานประจาเมื่อครบกาหนดเวลา  90  วันหากปรากฏว่า
ผลของการปฏิบัติงานและความประพฤติของพนักงานผู้นั้นเป็นที่พอใจเหมาะสมกับ
ตาแหน่งงานบริษัทฯจะบรรจุเป็นพนักงานประจาทันทีโดยออกคาสั่งเป็นลายลักษณ์
อักษรแต่ถ้าผลของการปฏิบัติงานและความประพฤติยังไม่เป็นที่พอใจบริษัทฯอาจจะ
ขยา"
หมวดที่  1 ,บททั่วไป,"ยออกคาสั่งเป็นลายลักษณ์
อักษรแต่ถ้าผลของการปฏิบัติงานและความประพฤติยังไม่เป็นที่พอใจบริษัทฯอาจจะ
ขยายเวลาทดลองงานต่อไปได้อีกตามที่เห็นสมควรแต่เมื่อรวมระยะเวลาแล้วจะต้องไม่
เกิน 180  วัน  
 
 2.2   ในระหว่างทดลองงานพนักงานจะไม่มีสิทธิได้รับผลประโยชน์อย่างอื่นและสวัสดิการต่างๆตาม          
                    ข้อบังคับของบริษัทฯนอกจากรายได้ที่เป็นค่าจ้างค่าล่วงเวลาค่าทางานในวันหยุดค่าเบี้ยเลี้ยง            
                    เดินทางและค่าที่พักเท่านั้น 
 
 2.3   พนักงานทดลองงานมีสิทธิที่จะลากิจแ"
หมวดที่  1 ,บททั่วไป,"        
                    เดินทางและค่าที่พักเท่านั้น 
 
 2.3   พนักงานทดลองงานมีสิทธิที่จะลากิจและลาป่วยได้ตามข้อบังคับของบริษัทฯ  
 
 2.4   ภายหลังจากผ่านการทดลองงานแล้วบริษัทฯจะออกคาสั่งเป็นลายลักษณ์อักษรบรรจุเป็น    
                   พนักงานประจาโดยนับอายุงานตั้งแต่วันแรกที่จ้างทดลองงานและมีสิทธิได้รับผลประโยชน์  
        อย่างอื่นและสวัสดิการต่างๆตามข้อบังคับของบริษัทฯนับแต่วันที่มีคาสั่งให้บรรจุเป็น  
        พนักงานประจาของบริษัทฯ  
 "
หมวดที่  1 ,บททั่วไป,"งให้บรรจุเป็น  
        พนักงานประจาของบริษัทฯ  
 "
หมวดที่  7 ,วินัยและโทษทางวินัย,"ข้อ  1 . พนักงานทุกคนต้องรักษาไว้ซึ่งวินัยของบริษัทฯโดยเคร่งครัด
ข้อ  2 . ระดับโทษทางวินัยและวินัยซึ่งพนักงานจะต้องรักษามีดังนี้  
2 .1  ระดับโทษทางวินัยแบ่งเป็น 4 ระดับจากโทษเบาไปหาโทษหนักคือ  
   2 .1.1 
วินัย: ตักเตือนด้วยวาจา  
 2 .1.2  ตักเตือนเป็นหนังสือ  
 2 .1.3  ตัดเงินรางวัลพิเศษประจาปี  
 2 .1.4  เลิกจ้าง  
2.2 วินัยซึ่งพนักงานจะต้องรักษาและระดับโทษสาหรับพนักงานที่ฝ่าฝืนวินัย  
วินัยระดับโทษ  
2 .2.1   ต้องปฏิบัติตามข้อบังคับระเบียบคาสั่งและประกาศของบริษัทฯ
ระดับโทษ: ตั้งแต่ตักเตือนด้"
หมวดที่  7 ,วินัยและโทษทางวินัย,"ับโทษ  
2 .2.1   ต้องปฏิบัติตามข้อบังคับระเบียบคาสั่งและประกาศของบริษัทฯ
ระดับโทษ: ตั้งแต่ตักเตือนด้วยวาจาจนถึงเลิกจ้าง  

2 .2.2 
วินัย: ต้องเชื่อฟังและปฏิบัติตามคาสั่งโดยชอบของผู้บังคับบัญชา
ระดับโทษ: ตั้งแต่ตักเตือนเป็นหนังสือจนถึงตัด
เงินรางวัลพิเศษประจาปี  

2 .2.3 
วินัย: ต้องปฏิบัติงานด้วยความซื่อสัตย์สุจริตอุตสาหะและตรงต่อเวลา
ระดับโทษ: ตั้งแต่ตักเตือนด้วยวาจาจนถึงเลิกจ้าง  

2 .2.4 
วินัย: ต้องควบคุมดูแลพนักงานใต้บังคับบัญชาให้ปฏิบัติตามวินัยโดย
ระดับโทษ: ตั้งแต่ตักเตือนเป็นหนังสือจนถึง"
หมวดที่  7 ,วินัยและโทษทางวินัย,": ต้องควบคุมดูแลพนักงานใต้บังคับบัญชาให้ปฏิบัติตามวินัยโดย
ระดับโทษ: ตั้งแต่ตักเตือนเป็นหนังสือจนถึงตัด 
 
 วินัยระดับโทษ  
          เคร่งครัดถ้ารู้ว่าพนักงานผู้ใดกระทาความผิดแล้วไม่รายงานให้  
          ผู้บังคับบัญชาเหนือชั้นขึ้นไปทราบถือว่าผู้บังคับบัญชานั้นกระทา    
          ผิดวินัยด้วยเงินรางวัลพิเศษประจาปี  

2 .2.5 
วินัย: ต้องแต่งเครื่องแบบตามที่บริษัทฯกาหนดให้และติดบัตร  
          ประจาตัวของพนักงานตลอดเวลาที่อยู่ในบริษัทฯ
ระดับโทษ: ตั้งแต่ตักเตือนด้วยวาจาจนถึงตัดเงิน
รางวัลพิเศษประ"
หมวดที่  7 ,วินัยและโทษทางวินัย,"จาตัวของพนักงานตลอดเวลาที่อยู่ในบริษัทฯ
ระดับโทษ: ตั้งแต่ตักเตือนด้วยวาจาจนถึงตัดเงิน
รางวัลพิเศษประจาปี   

2 .2.6 
วินัย: ต้องใช้และรักษาทรัพย์สินของบริษัทฯด้วยความระมัดระวัง  
          ไม่ให้เสียหายหรือสูญหายและจะนาทรัพย์สินของบริษัทฯ  
          ออกไปนอกสถานที่ของบริษัทฯไม่ได้เว้นแต่จะได้รับอนุมัติจาก    
          กรรมการผู้จัดการใหญ่หรือผู้ซึ่งได้รับมอบหมาย
ระดับโทษ: ตั้งแต่ตักเตือนด้วยวาจาจนถึงตัดเงิน
รางวัลพิเศษประจาปี  

2 .2.7 
วินัย: ต้องส่งคืนทรัพย์สินของบริษัทฯให้แก่บริษัทฯผ่านผู้บ"
หมวดที่  7 ,วินัยและโทษทางวินัย,"จนถึงตัดเงิน
รางวัลพิเศษประจาปี  

2 .2.7 
วินัย: ต้องส่งคืนทรัพย์สินของบริษัทฯให้แก่บริษัทฯผ่านผู้บังคับบัญชา  
          ก่อนการสิ้นสุดการจ้าง
ระดับโทษ: ตั้งแต่ตักเตือนด้วยวาจาจนถึงตัดเงิน
รางวัลพิเศษประจาปี  

2 .2.8 
วินัย: ต้องรักษาความลับของบริษัทฯโดยเคร่งครัดไม่แม้แต่ปรึกษา
ปัญหาภายในบริษัทฯกับบุคคลในครอบครัว
ระดับโทษ: ตั้งแต่ตักเตือนเป็นหนังสือจนถึง  
เลิกจ้างและบันทึกชื่อในบัญชีดา 
 
วินัยระดับโทษ  

2 .2.9 
วินัย: ต้องไม่ใช้อานาจหน้าที่ในทางทุจริตเพื่อแสวงหาประโยชน์โดย  
          มิชอ"
หมวดที่  7 ,วินัยและโทษทางวินัย,"ยระดับโทษ  

2 .2.9 
วินัย: ต้องไม่ใช้อานาจหน้าที่ในทางทุจริตเพื่อแสวงหาประโยชน์โดย  
          มิชอบเพื่อตนเองหรือผู้อื่น
ระดับโทษ: ตั้งแต่ตักเตือนเป็นหนังสือจนถึง  
เลิกจ้าง  

2 .2.1 0
วินัย: ต้องไม่ปฏิบัติงานข้ามขั้นผู้บังคับบัญชาเหนือตนเว้นแต่กรณี  
            เร่งด่วนโดยได้รับคาสั่งจากผู้บังคับบัญชาชั้นสูงกว่าและให้    
            รายงานผู้บังคับบัญชาเหนือตนทราบโดยเร็ว
ระดับโทษ: ตั้งแต่ตักเตือนด้วยวาจาจนถึงตัดเงิน
รางวัลพิเศษประจาปี  

2 .2.1 1
วินัย: ต้องไม่ปฏิบัติงานก้าวก่ายการทางานของ"
หมวดที่  7 ,วินัยและโทษทางวินัย,"เตือนด้วยวาจาจนถึงตัดเงิน
รางวัลพิเศษประจาปี  

2 .2.1 1
วินัย: ต้องไม่ปฏิบัติงานก้าวก่ายการทางานของผู้อื่นจนเป็นเหตุให้เกิด  
            ความเสียหายต่อบริษัทฯหรือพนักงานด้วยกันหรือ  
            บุคคลภายนอก
ระดับโทษ: ตั้งแต่ตักเตือนด้วยวาจาจนถึงตัดเงิน
รางวัลพิเศษประจาปี  

2 .2.1 2
วินัย: ต้องไม่รายงานเท็จต่อผู้บังคับบัญชา
ระดับโทษ: ตั้งแต่ตักเตือนเป็นหนังสือจนถึงตัด
เงินรางวัลพิเศษประจาปี   

2 .2.1 3
วินัย: ต้องไม่ขาดงานหรือละทิ้งหน้าที่โดยไม่มีเหตุผลอันสมควร
ระดับโทษ: ตั้งแต่ตักเตือนด้วยวา"
หมวดที่  7 ,วินัยและโทษทางวินัย,"2 .2.1 3
วินัย: ต้องไม่ขาดงานหรือละทิ้งหน้าที่โดยไม่มีเหตุผลอันสมควร
ระดับโทษ: ตั้งแต่ตักเตือนด้วยวาจาจนถึงเลิกจ้าง  

2 .2.1 4
วินัย: ต้องไม่บันทึกเวลามาทางานและเวลากลับแทนกัน
ระดับโทษ: ตั้งแต่ตักเตือนเป็นหนังสือจนถึง  
 
 วินัยระดับโทษ  
เลิกจ้าง  

2 .2.1 5
วินัย: ต้องไม่ก่อการวิวาทหรือแสดงกิริยาวาจาไม่สุภาพ
ระดับโทษ: ตั้งแต่ตักเตือนด้วยวาจาจนถึงตัดเงิน
รางวัลพิเศษประจาปี   

2 .2.1 6
วินัย: ต้องไม่ยุยงส่งเสริมบ่อนทาลายหรือปลุกระดมมวลชนอันเป็น   
            การผิดกฎหมายและก่อให้เกิความเสียหา"
หมวดที่  7 ,วินัยและโทษทางวินัย,"องไม่ยุยงส่งเสริมบ่อนทาลายหรือปลุกระดมมวลชนอันเป็น   
            การผิดกฎหมายและก่อให้เกิความเสียหายต่อบริษัทฯ
ระดับโทษ: ตั้งแต่ตักเตือนเป็นหนังสือจนถึง  
เลิกจ้าง  

2 .2.1 7
วินัย: ต้องไม่พกพาอาวุธหรือสิ่งผิดกฎหมายเข้ามาในบริษัทฯ
ระดับโทษ: ตั้งแต่ตักเตือนเป็นหนังสือจนถึง  
เลิกจ้าง  

2 .2.1 8
วินัย: ต้องไม่เล่นการพนันหรือชักชวนบุคคลภายนอกมาเล่นการพนัน  
            ในสถานที่ของบริษัทฯ
ระดับโทษ: ตั้งแต่ตักเตือนด้วยวาจาจนถึงเลิกจ้าง  

2 .2.1 9
วินัย: ต้องไม่ดื่มสุราหรือเสพของมึนเมาหรืออยู่ในอ"
หมวดที่  7 ,วินัยและโทษทางวินัย,": ตั้งแต่ตักเตือนด้วยวาจาจนถึงเลิกจ้าง  

2 .2.1 9
วินัย: ต้องไม่ดื่มสุราหรือเสพของมึนเมาหรืออยู่ในอาการมึนเมาใน  
            สถานที่ปฏิบัติงานเว้นแต่เพื่อการรับรองหรืองานรื่นเริงของ   
            บริษัทฯ
ระดับโทษ: ตั้งแต่ตักเตือนด้วยวาจาจนถึงตัดเงิน
รางวัลพิเศษประจาปี   
 
กรณีพนักงานฝ่าฝืนวินัยตั้งแต่สามข้อขึ้นไปการลงโทษทางวินัยจะถูกพิจารณาลงโทษในข้อที่มีระดับโทษ
หนักที่สุด

ข้อ  3 . อานาจหน้าที่ในการลงโทษทางวินัย  
            ให้ผู้บังคับบัญชาตามสายงานมีสิทธิและอานาจหน้าที่ในการลงโทษทางวิน"
หมวดที่  7 ,วินัยและโทษทางวินัย,"ที่ในการลงโทษทางวินัย  
            ให้ผู้บังคับบัญชาตามสายงานมีสิทธิและอานาจหน้าที่ในการลงโทษทางวินัยดังนี้
 action to authorer pair: 
 ระดับโทษทางวินัย: ตักเตือนด้วยวาจา - ผู้มีอ านาจหน้าที่ลงโทษ: ผู้บังคับบัญชาโดยตรงตั้งแต่ระดับผู้จัดการส่วนขึ้นไป

 action to authorer pair: 
 ระดับโทษทางวินัย: ตักเตือนเป็นหนังสือ - ผู้มีอ านาจหน้าที่ลงโทษ: ผู้บังคับบัญชาโดยตรงตั้งแต่ระดับผู้อานวยการฝ่ายขึ้นไป

 action to authorer pair: 
 ระดับโทษทางวินัย: ตัดเงินรางวัลพิเศษประจาปี - ผู้มีอ านาจหน้าที่ลงโทษ: ผ"
หมวดที่  7 ,วินัยและโทษทางวินัย," action to authorer pair: 
 ระดับโทษทางวินัย: ตัดเงินรางวัลพิเศษประจาปี - ผู้มีอ านาจหน้าที่ลงโทษ: ผู้บังคับบัญชาโดยตรงตั้งแต่ระดับผู้อานวยการฝ่ายขึ้นไป  
โดยได้รับความเห็นชอบจากกรรมการผู้จัดการใหญ่

 action to authorer pair: 
 ระดับโทษทางวินัย: เลิกจ้าง - ผู้มีอ านาจหน้าที่ลงโทษ: กรรมการผู้จัดการใหญ่  
 
 การลงโทษทางวินัยตั้งแต่ตัดเงินรางวัลพิเศษประจาปีถึงเลิกจ้างนั้นผู้มีอานาจหน้าที่ลงโทษอาจแต่งตั้ง
คณะกรรมการเพื่อสอบสวนข้อเท็จจริงก่อนพิจารณาลงโทษทางวินัยได้  

ข้อ  4 .  การพักงานเพื่อสอบสวนคว"
หมวดที่  7 ,วินัยและโทษทางวินัย,"ตั้ง
คณะกรรมการเพื่อสอบสวนข้อเท็จจริงก่อนพิจารณาลงโทษทางวินัยได้  

ข้อ  4 .  การพักงานเพื่อสอบสวนความผิด  
  ในกรณีที่พนักงานถูกกล่าวหาว่ากระทาการฝ่าฝืนข้อบังคับเกี่ยวกับการทางานกฎระเบียบคาสั่งบริษัทฯ 
มีสิทธิสั่งพักงานเพื่อสอบสวนความผิดเว้นแต่กรณีความผิดชัดแจ้งโดยมีหลักเกณฑ์ดังนี้  
 4 .1 คาสั่งพักงานจะเป็นหนังสือโดยระบุความผิด  
 4 .2 กาหนดระยะเวลาพักงานจะไม่เกิน 14  วัน 
 4 .3 จะแจ้งคาสั่งการพักงานให้พนักงานทราบก่อนการพักงาน  
 4 .4 บริษัทฯจะจ่ายเงินระหว่างพักงานไม่ต่ากว่าร้อยละ 80   ของค่าจ"
หมวดที่  7 ,วินัยและโทษทางวินัย,"ักงานให้พนักงานทราบก่อนการพักงาน  
 4 .4 บริษัทฯจะจ่ายเงินระหว่างพักงานไม่ต่ากว่าร้อยละ 80   ของค่าจ้าง  
 4 .5 หากสอบสวนแล้วไม่ปรากฏความผิดบริษัทฯจะจ่ายค่าจ้างเท่ากับค่าจ้างในวันทางานปกติ   
นับแต่วันที่สั่งพักงานโดยให้ถือว่าเงินตามข้อ  4 .4  เป็นส่วนหนึ่งของค่าจ้าง
ข้อ  5 .  กระบวนการสอบสวนความผิดทางวินัยให้เป็นไปตามระเบียบว่าด้วยการสอบสวนพิจารณา"
